Name,Acq. Date-Time,Type,Injection,Lactic Acid,Alanine,Sarcosine,Valine,Urea,Glycerol,Phosphate,Isoleucine,Proline,Glycine,Succinic Acid,Norleucine,Uracil,Methylmaleic Acid,Fumaric Acid,Serine,Unknown_6_94 ,Pipecolic Acid,Threonine,B-Alanine,3-Amino-2-piperidone,Timonacic Acid,Malic Acid,Erythritol,Threitol,Aspartic Acid,5-Oxoproline,4-Aminobutanoic Acid,Unknown_11_73 ,"2,4-Di-tert-butylphenoxy",Hydroxyproline,Cysteine,Ornithine_1,Glutamic Acid,Phenylalanine,Taurine,"2,8-Dihydroxyquinoline",Asparagine,Unknown_16_62,Putrescine,Acetylglutamic Acid,Glycerol-3-phosphate_1,Glutamine,Phosphorylethanolamine,Ornithine_2,Citric Acid,Fructose,Glucose,Sorbitol,Glucitol,Tyrosine,Myo-Inositol_1,Gluconic Acid,Galactose,Myo-Inositol_2,Glycerol-3-phosphate_2,Adenosine,Glucose-6-phosphate,Inosine,Sucrose,Lactose
B1,2/24/2021 17:37,Sample,1,12737,235532,12751,1725,1518,2875,414795,5079,146762,26250,3820,438838,715,691,1300,4867,1321,2115,1814,8184,559,1373,1433,222,284,73355,47462,43402,388,1305,107,1465,1040,71612,546,26769,2726,225,2925,11137,1281,1446,19258,768,442,5046,26309,20691,739,11248,346,85,266,290,4081,118,50,27,69,5807,92860
B11,2/24/2021 18:14,Sample,2,14963,163516,5799,3356,992,2489,369905,2207,38669,22053,3003,438858,688,1109,1401,2722,1325,5948,979,4197,414,771,689,390,829,39181,25019,32025,360,1249,172,692,1137,38769,509,44541,8463,196,1225,8620,1187,518,7303,431,443,3817,2209,17643,518,5375,465,398,127,328,1337,64,402,150,282,2332,35299
B2,2/24/2021 18:49,Sample,3,11541,139085,3738,1173,200,2173,374720,2328,77829,14338,2537,448666,584,405,690,4149,1039,799,959,3698,320,547,620,80,135,45016,19958,21251,343,1084,144,589,1019,31526,611,15664,5151,87,1217,2598,890,741,6171,386,319,3089,6888,13210,231,4043,295,234,181,251,3121,34,1149,31,87,2797,69810
B12,2/24/2021 19:25,Sample,4,9155,80893,1846,665,219,1760,210288,2195,28036,7562,1486,361279,227,561,917,2356,851,351,567,1708,171,138,386,40,80,16566,9516,14337,290,1078,139,162,652,16308,330,3296,3281,54,414,1821,413,513,2214,205,191,1556,7170,13374,207,3828,300,8,85,254,1155,41,1025,48,26,3461,48253
B3,2/24/2021 20:00,Sample,5,10322,105429,2608,427,400,2483,246157,1716,81301,12208,1935,420564,333,546,742,3123,1180,378,585,3463,272,192,452,60,77,23204,14344,17182,330,1075,154,190,669,27745,330,5704,4437,85,713,2137,370,521,3733,240,312,1988,10359,13391,290,4038,327,48,104,267,1285,29,640,62,29,5689,39488
B13,2/24/2021 20:47,Sample,6,9253,47410,1591,1061,258,1609,88530,1657,44703,4888,870,166071,112,199,485,1452,634,592,542,1445,145,121,212,82,111,9705,7614,7177,292,1004,112,97,386,9062,139,2120,1423,12,470,1121,253,134,2175,36,164,798,4355,3962,145,1923,99,204,11,101,741,10,40,22,5,2104,14038
B4,2/24/2021 21:22,Sample,7,10415,168608,3594,7021,477,4217,257559,4796,167236,25724,3227,386777,373,201,1078,6305,1589,1017,1882,3376,405,735,700,167,186,41804,29718,24807,312,1013,130,702,1217,43683,1048,15468,5842,190,2225,4518,1234,882,11772,375,387,2561,16457,20721,357,6978,2072,410,48,342,2932,93,124,45,101,6567,153119
B14,2/24/2021 21:57,Sample,8,9965,19088,720,259,297,1487,89303,590,3103,2295,310,354469,61,489,341,749,342,70,86,659,,5,87,5,8,1667,2045,1638,241,893,239,18,82,3156,64,275,3834,7,28,799,66,55,185,24,109,497,2546,2903,34,1279,93,9,30,67,163,,336,85,12,4346,15326
B5,2/24/2021 22:32,Sample,9,9433,153391,5277,593,812,2924,298499,2782,137638,14243,3713,423343,369,359,877,2197,1434,365,723,3833,287,605,452,372,294,40424,26127,21425,277,1017,169,658,1186,33278,503,9669,5548,115,1772,1910,1075,787,10052,405,407,3168,13912,12556,356,4512,549,244,25,242,2605,85,161,24,94,2090,89550
B15,2/24/2021 23:08,Sample,10,8881,45907,1228,272,147,1769,69523,1268,26998,4961,885,149655,170,267,407,1382,886,71,380,897,145,109,160,40,40,4941,5283,5824,235,934,89,97,311,6409,64,1069,1642,18,250,421,183,115,1480,62,141,674,3678,5785,115,2279,72,8,14,199,518,6,1142,9,25,3513,25654
B6,2/24/2021 23:55,Sample,11,9997,154082,6673,1644,269,2049,291662,1343,90180,18879,2250,368050,412,316,590,3115,2230,2249,753,3188,289,927,328,517,867,41698,26139,21618,300,965,192,833,819,33203,310,17628,4353,62,1381,2231,849,238,8498,417,317,3500,6025,18342,207,5055,185,112,60,384,1189,18,43,22,184,4886,50896
B16,2/25/2021 0:30,Sample,12,9683,153841,4589,1904,344,1912,231758,2105,28741,12918,1514,382847,319,419,1025,1395,2253,440,641,2856,269,680,418,187,295,16438,16973,18384,281,955,242,674,799,22606,400,7394,4100,64,1039,3911,653,422,5369,409,302,2669,11745,14552,340,3938,275,224,16,333,1138,60,822,8,89,11214,41459
B7,2/25/2021 1:05,Sample,13,10064,265193,5496,757,1464,3423,274060,5955,346083,21383,3777,413200,410,258,958,5873,2971,683,1609,5894,354,644,580,271,302,85354,43414,34671,267,1026,168,727,1777,67810,470,17989,6134,250,2838,3095,1064,1758,16466,341,517,4305,35956,67006,606,15994,371,104,131,820,4647,102,771,44,57,9163,225358
B17,2/25/2021 1:40,Sample,14,9558,90135,3452,1881,263,2211,130542,1038,41956,10969,1939,262246,264,199,583,1380,1628,1824,592,1763,183,361,232,138,335,16774,14063,13714,252,951,203,356,824,17123,380,6949,2468,82,928,1989,645,222,5143,203,239,1298,3056,8171,172,2081,178,164,23,239,582,,1103,7,61,2394,60096
B8,2/25/2021 2:16,Sample,15,10636,125846,2747,486,259,2042,198488,2766,99517,13816,2164,365372,367,314,891,3196,2112,292,639,2608,272,499,391,75,120,24621,17627,16084,247,988,228,509,972,25676,295,7465,2764,103,1057,3805,635,730,5863,247,329,2023,8592,11926,185,3820,420,302,52,274,2132,56,541,16,69,13372,66647
B18,2/25/2021 3:02,Sample,16,10147,124840,4835,2128,345,2136,202520,1374,52096,17389,2383,313103,283,320,828,1305,2435,5177,621,1886,233,508,370,508,1142,22678,21334,18977,251,979,248,509,1031,24850,269,12562,3322,93,1338,784,864,295,8602,320,274,1920,2859,11655,386,6557,232,236,56,334,681,43,11,9,58,2147,51731
B9,2/25/2021 3:38,Sample,17,9757,178614,7682,1503,956,3631,275569,3148,197027,16922,3666,363068,416,175,943,2891,2516,370,913,4094,338,820,448,394,429,47501,36297,26913,287,1012,174,804,1442,43173,453,17653,4718,186,2908,2623,938,1231,16752,261,404,2775,12228,19490,291,8081,251,265,79,375,3581,123,479,32,276,3086,163016
B19,2/25/2021 4:13,Sample,18,9780,115529,1968,389,207,2172,212079,1339,52361,10828,1864,377477,313,583,920,1996,2643,1012,424,1687,219,380,395,96,92,13281,12181,13192,238,932,291,353,825,16366,292,3120,2771,70,527,1647,416,459,3210,193,247,1241,12436,16053,267,2612,285,272,80,401,1186,28,971,24,60,12338,42863
B10,2/25/2021 4:48,Sample,19,11461,100738,2432,1363,425,2210,218358,1154,55274,11060,1884,332530,310,528,763,1906,2308,1166,724,1967,233,380,311,84,195,22830,14749,15957,246,894,264,348,841,20987,488,6499,4069,8,612,1710,578,168,3527,229,354,2139,2732,13165,212,4080,339,29,14,366,931,28,920,45,119,28259,40000
B20,2/25/2021 5:23,Sample,20,9114,81895,1455,463,256,2235,175122,1253,29835,6999,1374,373418,245,412,1127,1593,2388,525,511,1172,154,210,372,54,16,8807,8709,10909,220,907,386,220,630,13561,307,1899,3312,41,252,1638,249,373,1682,168,206,911,9453,11787,246,2581,173,189,30,314,950,32,926,33,22,4811,41160
Reagent_Blank_1,2/25/2021 6:10,Blank,21,8676,1357,545,86,110,945,2957,59,394,452,49,353166,,,10,169,7,8,,,,,,,,46,18,8,219,729,441,,,31,,8,2477,,,8,,,,,5,86,24,50,,,,,38,,,,,,8,346,63
Deriv_Blank_1a,2/25/2021 9:39,Blank,22,13,7,8,,,,,,,,,,,,,,,,,,13,,,,,,,,,,,,7,,,,,,,,,,,,,,,,,,,,,,,,,,,,
B22,2/26/2021 13:29,Sample,1,10195,79023,1703,406,206,2283,154121,1325,34149,5959,1032,327938,221,243,502,1398,480,293,365,1310,116,70,404,9,44,7438,6210,7502,242,827,71,151,462,8827,168,1651,2216,38,357,1486,303,645,2113,162,168,1035,4884,10781,231,2754,314,20,112,207,1421,25,120,266,39,5022,17449
B32,2/26/2021 14:04,Sample,2,9387,99823,4675,595,218,2444,163568,726,48468,8631,1302,307598,262,424,481,1437,574,173,350,1937,130,273,242,97,,16710,9725,11741,217,819,25,330,590,13370,249,2975,1814,24,730,326,462,370,3964,62,154,1487,4873,15355,317,5916,172,70,50,304,1120,12,451,64,18,7399,37405
B23,2/26/2021 14:39,Sample,3,9122,82975,2300,1509,112,3693,156755,1477,58729,7811,1352,303949,227,114,465,1485,619,156,246,1750,190,251,362,36,75,16559,8903,11408,188,837,94,209,816,12849,338,2266,1262,57,581,1740,514,843,3602,192,234,1452,4882,11028,282,2080,517,54,63,260,1049,23,696,229,98,3979,26161
B33,2/26/2021 15:14,Sample,4,10144,133511,2441,893,415,2267,130608,1324,39605,9326,1414,316979,253,301,865,1836,942,109,463,2019,144,360,445,86,,17523,10483,16472,233,793,82,220,806,13424,243,2361,1344,67,741,1146,368,450,3737,106,173,2380,9264,15926,353,6709,242,114,91,307,1104,43,702,55,,3365,50462
B24,2/26/2021 15:50,Sample,5,8797,119109,3632,1405,287,2524,135685,2397,108113,12488,1483,306354,291,341,502,2397,720,180,373,2822,214,291,365,57,,30701,15263,15627,224,813,23,218,1165,22697,364,4368,977,90,893,3772,628,1440,6119,224,297,2183,8034,18770,340,4614,508,47,18,334,2034,57,41,125,35,7147,38190
B34,2/26/2021 16:37,Sample,6,8980,137279,3758,536,268,2178,165964,1284,62133,12218,1498,313647,333,257,739,2398,1139,237,624,2357,229,486,343,64,103,20920,13052,16805,251,758,86,257,1149,17282,290,3277,994,92,877,2995,567,599,5074,219,261,2252,22496,43273,478,10647,240,,94,561,1615,56,49,23,,9519,79128
B25,2/26/2021 17:12,Sample,7,10304,95851,2074,490,199,1986,140994,1646,57374,10065,1353,300521,219,147,562,1929,848,336,429,1903,132,189,366,11,52,17266,9772,11560,213,798,104,150,786,13090,311,1951,894,101,666,3336,432,713,3585,206,300,1912,9401,22740,346,3271,566,73,67,438,1493,54,1003,159,57,5386,24792
B35,2/26/2021 17:47,Sample,8,8862,68651,1857,300,88,1284,48612,941,23425,4528,742,117155,130,108,304,742,737,83,109,958,77,99,30,9,,5278,4316,4541,191,677,54,129,418,5107,186,853,764,4,270,435,221,354,1508,62,107,812,2368,4749,149,1936,296,14,24,140,878,39,441,5,52,568,27931
B26,2/26/2021 18:22,Sample,9,9142,89337,2756,804,226,1526,117527,1468,62308,8651,782,285438,170,322,453,1935,883,411,445,1935,80,193,222,25,71,22248,11186,11910,220,757,97,104,657,14770,291,2290,1012,29,707,4632,472,610,3797,178,190,1400,8705,17022,245,4517,238,12,113,331,1354,54,180,88,5,7089,47743
B27,3/1/2021 8:47,Sample,10,8876,19430,1581,429,128,1368,134776,273,6497,2607,269,268835,86,340,348,540,2196,86,154,620,80,13,139,9,26,4749,4812,3911,183,717,1004,62,160,3010,148,65,942,,54,1155,164,88,300,42,59,634,3077,8082,93,2441,185,7,32,251,306,,89,195,43,5969,15734
B37,3/1/2021 9:22,Sample,11,8719,115460,5110,459,710,2482,128721,1436,55097,12937,1629,282252,258,56,667,1935,10310,265,200,3664,136,433,362,167,276,29023,26298,21874,219,863,816,398,774,15304,317,4205,946,11,789,1888,685,929,4696,226,169,2383,13212,19639,529,9650,380,19,88,447,1951,51,,32,44,2611,71922
B28,3/1/2021 9:57,Sample,12,8620,37446,2557,1018,186,1204,67774,488,29469,4660,517,269547,85,163,385,593,4578,117,238,1024,,51,183,23,75,9972,9688,7939,213,766,1003,73,233,5281,182,679,1032,,245,1453,368,127,1302,47,67,1097,2864,5414,133,1783,249,,26,164,529,,853,58,18,8625,8531
B38,3/1/2021 10:33,Sample,13,8858,83348,4409,456,253,2332,180298,345,43738,7505,1405,334644,279,196,496,882,8819,149,358,1280,164,354,213,80,297,12913,18432,13874,200,865,977,321,586,9873,352,3692,1246,12,686,650,480,246,3719,113,119,948,1471,9963,252,4258,400,,33,328,1123,14,112,51,94,1757,31445
B29,3/1/2021 11:08,Sample,14,9004,86455,2515,414,123,1855,134664,1050,35464,8351,1177,296741,272,268,662,1212,7853,144,266,1244,185,238,445,9,7,11201,13203,10731,203,715,802,238,598,7999,186,2614,1253,,481,1330,409,629,2286,199,160,1161,2710,9978,170,3200,682,,11,309,1169,35,688,157,47,1069,29405
B39,3/1/2021 11:55,Sample,15,9240,29493,1223,852,110,1844,144389,760,5372,3086,356,269182,119,259,554,618,3870,231,48,475,124,114,186,8,29,3574,5180,3939,204,776,989,70,240,3056,108,389,709,,76,100,109,167,297,60,64,619,3512,7901,127,2099,150,11,14,251,618,25,111,191,19,1216,16067
B30,3/1/2021 12:30,Sample,16,9522,113399,3780,1542,196,2571,137064,1629,91992,14027,1410,301948,321,352,634,1852,11479,979,755,3334,190,253,402,108,152,40406,28318,22480,227,845,949,186,845,16124,371,4311,1019,,729,6074,833,915,4265,280,153,2405,14917,31924,426,8372,446,24,34,643,1996,40,141,145,39,11975,64056
B40,3/1/2021 13:05,Sample,17,8757,41622,1474,246,126,1593,86369,912,12087,3886,593,226409,151,82,350,656,5554,37,232,785,,52,162,17,28,3472,6596,3674,185,772,891,136,326,3638,66,765,1031,,74,552,174,208,740,60,79,490,5662,9711,137,2437,42,25,27,291,730,17,624,218,24,3236,13634
B31,3/1/2021 13:40,Sample,18,9325,137434,3201,1011,130,1782,136509,2841,103152,14342,1749,252991,271,293,694,2663,11873,271,771,2915,158,391,418,98,134,27566,23313,17388,210,763,629,214,928,14899,391,4293,1339,50,781,3627,719,942,4524,241,196,3033,7699,17072,338,5006,356,149,33,433,2016,56,170,33,60,9079,37110
B41,3/1/2021 14:16,Sample,19,9055,34330,1630,401,120,1309,96103,1057,24181,3365,556,260307,96,254,404,767,4063,75,247,1069,87,47,193,54,66,6695,7978,5190,199,790,838,116,398,4585,89,884,1135,,271,646,172,354,1296,79,69,710,4732,8278,125,3793,121,24,50,278,822,24,939,214,19,4070,49630
B36,3/1/2021 15:02,Sample,20,8364,52338,1274,1795,71,1811,51470,984,19115,5672,736,98468,146,198,342,1096,7036,97,279,852,94,74,142,22,54,4139,7057,5210,196,698,486,98,350,3442,135,641,858,,198,546,256,254,1002,84,58,766,4632,9827,170,2883,221,,35,281,657,8,17,35,45,1140,20498
Reagent_Blank_2,3/2/2021 15:47,Blank,1,9393,1948,485,141,144,1205,1742,69,284,416,44,332792,,,7,171,,,10,7,,,,,,12,49,100,171,519,104,,6,6,9,,1488,,,8,,,,,,26,21,6,,,,,49,,,,,,,209,28
B43,3/2/2021 16:22,Sample,2,10300,59868,1032,592,112,1019,84277,561,11482,3678,600,322345,95,,413,547,870,25,41,683,130,79,302,,29,2617,2849,3583,218,536,187,84,278,4133,86,285,1935,7,29,4021,34,281,509,69,12,435,3494,6769,111,1272,159,39,73,189,788,13,70,156,19,9726,13066
B53,3/2/2021 16:57,Sample,3,9734,90515,2961,723,127,1096,125972,527,27807,8537,1305,355839,151,32,563,527,533,162,329,1551,123,205,316,199,348,9100,8427,10769,232,772,74,249,517,11307,190,1743,773,34,819,970,535,355,3616,160,128,1108,1911,10838,139,2892,131,42,77,208,743,9,13,27,89,4196,57344
B44,3/2/2021 17:33,Sample,4,8726,33328,1114,543,140,869,99518,459,14289,2483,494,291509,59,,312,451,352,44,191,738,116,39,242,13,13,3064,2810,3845,204,493,96,46,317,3860,84,283,1077,,110,5808,150,266,648,79,63,324,5085,9052,95,1485,158,42,24,233,498,12,478,131,8,16398,33056
B54,3/2/2021 18:08,Sample,5,9606,98073,7085,1606,185,1898,122318,1157,160188,12105,1229,336907,127,,426,987,734,991,616,2129,202,419,288,524,752,25407,24013,18592,251,592,81,428,1307,21535,178,3452,1032,63,2668,2117,633,692,13693,209,266,1008,16872,64279,738,18517,98,51,199,728,1901,26,126,89,23,22612,91447
B45,3/2/2021 18:43,Sample,6,9181,80671,1463,622,153,1121,54594,695,26759,6878,795,328490,166,,390,1013,839,93,362,1051,127,167,349,31,52,9322,6082,8681,212,492,136,244,577,8345,105,938,844,14,449,4170,269,400,2021,63,157,639,2493,5358,83,1381,307,52,31,170,1012,7,684,106,10,1078,21033
B55,3/2/2021 19:30,Sample,7,8703,41404,1100,525,135,816,104799,553,9925,3088,546,304164,70,,331,802,464,84,104,938,137,8,338,7,24,5234,3410,5180,184,498,123,42,424,6005,61,271,1038,,127,2206,173,232,570,61,98,401,5549,11998,90,1179,41,65,25,245,569,10,121,244,9,10381,18133
B46,3/2/2021 20:05,Sample,8,9344,155273,5744,950,454,1927,122583,845,144032,12582,1404,346070,208,,461,921,1507,1011,826,2301,183,549,483,330,487,28703,24778,21325,267,601,146,537,1357,21320,236,3431,1348,109,2253,10246,964,800,12214,204,308,2076,8338,32037,293,6829,300,56,58,546,1568,38,93,198,373,11119,80644
B56,3/2/2021 20:40,Sample,9,10451,54981,1530,776,187,1547,117892,611,14698,3952,736,312169,115,,274,721,598,190,269,744,117,23,296,27,56,5091,5107,4857,201,550,112,62,443,6293,171,527,1238,8,452,3178,330,302,1750,83,190,803,4270,5236,194,1661,227,114,46,129,554,13,432,204,40,3678,6939
B47,3/2/2021 21:16,Sample,10,9119,68230,1446,499,127,1041,113253,1544,41889,7823,922,341864,162,,442,1204,842,121,187,1381,93,85,333,49,65,11550,6708,8633,218,542,104,163,816,9460,192,879,945,28,461,3605,312,695,2013,82,180,897,6503,10116,205,2012,223,84,86,255,1250,39,290,321,25,10136,23165
B57,3/2/2021 21:51,Sample,11,8832,113308,3038,1788,118,1795,120424,1351,37014,13736,1251,307851,259,30,478,2761,1343,215,292,2642,192,298,424,65,123,21169,10111,13651,236,651,121,340,1065,12073,254,1816,949,72,713,2906,391,637,3659,157,324,1364,9608,17861,294,3881,394,49,49,386,1778,38,487,217,23,5515,24707
B48,3/2/2021 22:38,Sample,12,9113,101376,1890,1202,193,1337,90036,1179,49005,10611,1145,346730,211,,597,1556,1384,132,316,1710,101,191,377,26,85,14114,9290,12499,233,661,179,333,856,11210,180,1119,1471,52,582,5938,400,565,2535,103,187,1253,6916,15387,261,2554,363,13,61,318,1267,41,104,242,25,6173,22325
B58,3/2/2021 23:13,Sample,13,8579,83974,1669,747,59,1341,114130,1324,44815,8862,1393,284274,220,7,448,1630,1105,93,267,1449,129,25,397,57,74,10032,7393,8762,207,562,126,185,835,9613,201,854,1333,28,485,5752,237,784,2237,162,217,850,9875,18458,292,3843,306,36,77,324,1085,38,691,341,36,32737,32173
B49,3/2/2021 23:48,Sample,14,8692,34665,1863,622,111,949,106770,451,13396,3149,431,297529,90,,394,569,617,67,91,755,,30,309,49,99,5439,4613,4304,243,541,179,84,432,5929,103,280,1064,,291,2005,159,269,1150,66,62,426,6265,9993,172,2403,147,21,69,223,747,10,400,330,17,9815,13523
B59,3/3/2021 0:23,Sample,15,8414,77139,2202,1650,,1480,145250,1086,42324,8337,1220,342818,181,,456,1893,967,98,166,2407,165,188,398,55,121,16376,9141,10304,233,577,106,281,1075,10434,238,652,1444,72,717,10224,418,659,3280,246,335,1225,15143,22408,266,2981,240,27,80,363,1624,38,139,231,27,52906,50256
B50,3/3/2021 0:59,Sample,16,10069,115230,2270,3299,291,2124,138711,1971,111769,12159,1464,348796,235,,631,2536,1401,285,555,3037,108,201,423,63,31,25068,15223,16690,240,539,143,363,1229,18335,364,1162,1250,60,1009,11598,590,1199,4860,206,314,1207,18326,35434,350,4227,668,319,114,524,1629,48,264,301,35,15352,75030
B60,3/3/2021 1:46,Sample,17,8831,114880,2126,2249,120,2413,151638,987,38412,12278,1501,317369,292,44,664,2816,1753,178,372,2098,202,320,338,34,96,19696,13755,15618,247,588,152,480,1189,15544,270,1243,1328,66,973,2111,426,594,4509,202,284,1477,9122,12863,106,3058,379,,85,315,1524,47,73,103,50,3267,30480
B51,3/3/2021 2:21,Sample,18,8317,61018,1395,400,166,1317,102138,1106,32241,6224,791,258063,81,11,383,933,1045,92,190,1553,105,89,254,44,70,8206,6239,6499,198,561,160,89,592,7677,89,638,1169,,378,1412,278,536,1820,122,148,795,9512,14168,255,2252,278,37,103,298,969,13,535,99,32,2189,24955
B61,3/3/2021 2:56,Sample,19,8497,88501,2290,1368,126,1797,95227,796,66325,7531,1596,261027,190,,557,929,1260,338,308,1704,132,238,341,32,57,11967,10869,10549,213,538,140,310,823,12903,75,860,837,63,668,14554,366,369,3443,258,187,1493,24407,43286,320,5439,64,131,123,590,1065,33,388,148,19,136244,49948
B52,3/3/2021 3:31,Sample,20,8804,63361,2149,984,284,1474,109194,1348,31996,7338,765,307110,186,18,457,1254,1095,117,254,1568,133,176,261,40,30,15109,9118,10566,210,628,179,294,727,10189,155,790,1160,51,579,3537,377,607,2744,142,160,1516,21316,30033,301,3650,166,106,88,531,1218,44,117,75,57,5835,40567
B62,3/3/2021 4:06,Sample,21,8901,180541,4175,2400,150,2880,169653,2409,187311,22780,2606,380526,375,7,831,4980,2282,344,666,4501,261,557,566,108,181,62760,30421,31319,255,709,160,704,2116,36240,568,3911,1374,216,1997,15574,933,1420,10243,586,536,2831,34913,49848,518,7478,547,79,156,597,2738,81,201,197,39,11140,150187
Reagent_Blank_3,3/3/2021 4:53,Blank,22,8546,1450,528,72,103,1020,2641,9,87,312,31,303863,,,7,80,,,8,,7,,,,,27,14,57,69,524,292,,,13,,102,1471,,,8,,,,,8,8,,,,,,,26,,,,,,,347,33
B64,3/5/2021 15:17,Sample,1,8406,119439,2495,1797,91,2061,156299,2787,106666,12815,1639,342678,318,,477,2727,1659,252,662,3174,247,118,486,159,248,31200,16160,20520,320,1023,197,201,1115,17703,338,492,2501,80,504,13241,435,1162,4992,254,286,1543,22715,50383,456,4678,276,495,85,683,2050,50,99,239,,10230,104131
B74,3/5/2021 15:53,Sample,2,8126,197435,3463,3515,288,3283,137027,2330,78040,19836,2114,343072,373,,908,4227,1609,29,876,3163,208,220,613,85,141,23022,14972,22377,309,1044,121,452,1459,19990,430,1272,1861,83,772,7673,576,1197,5487,296,410,3305,11272,28047,471,4985,970,57,90,534,1910,67,624,112,80,4052,94642
B65,3/5/2021 16:28,Sample,3,8445,133138,2796,2653,277,3028,127240,2238,126529,13691,1825,325114,321,,725,3093,2263,192,578,3694,249,220,580,134,192,28699,17022,24026,278,1012,209,274,1324,20010,371,1016,1601,86,535,12033,507,1218,5463,257,332,1746,29157,60838,554,6852,456,61,128,811,1653,35,834,357,36,13882,115025
B75,3/5/2021 17:03,Sample,4,7820,126036,2521,2162,107,2506,111497,2759,91080,14326,1526,319850,243,,579,2669,1324,98,561,2180,168,204,513,69,92,15175,11093,13051,237,1000,67,353,1239,13908,374,1086,1641,50,656,11782,438,1091,3781,199,266,1257,12907,27817,416,4224,518,17,121,516,1823,44,719,201,39,14401,61070
B66,3/5/2021 17:38,Sample,5,8045,95238,2178,774,75,1863,123912,2334,102604,10943,1272,333361,273,,532,2224,1847,263,513,2706,225,37,466,105,145,23076,15529,17332,255,969,244,88,1148,14593,224,1443,1048,76,602,7586,627,863,5081,267,315,1339,9415,23504,398,3258,193,52,74,511,1595,53,505,217,52,815,62637
B76,3/5/2021 18:25,Sample,6,7566,109064,2253,614,273,2598,126199,1939,45541,12737,1350,313112,214,,690,2587,1393,375,610,2590,220,80,380,106,95,15460,10918,13208,271,984,151,112,1153,13326,222,958,1740,105,691,6500,399,654,3927,338,293,2001,18760,25136,373,5176,259,58,145,451,1240,9,61,82,29,16636,39051
B67,3/5/2021 19:01,Sample,7,7826,159484,3039,474,123,1728,101505,3953,131298,15804,2182,290413,264,,607,2837,3172,61,927,2870,179,174,524,32,100,16883,16227,19984,233,998,243,250,1104,18302,274,1425,1403,78,459,9359,487,1370,4826,306,274,1972,14260,37283,408,5517,340,192,91,638,2509,51,632,424,53,12439,80113
B77,3/5/2021 19:36,Sample,8,7539,95709,1651,701,113,2466,134732,2017,58252,11229,1501,313170,230,,636,2379,1329,70,706,1710,111,91,323,63,94,14827,10463,14023,223,975,157,148,1114,14074,286,952,1336,59,582,5869,434,821,3194,177,282,1553,16034,27218,330,4753,530,115,106,474,1563,55,286,253,44,10424,71330
B68,3/5/2021 20:11,Sample,9,7789,83340,1528,2129,51,1963,88673,2016,47508,8969,1203,314307,241,9,605,1434,1371,232,424,1936,152,38,431,28,72,8501,8215,11796,214,892,197,,624,10364,35,621,1439,34,449,8042,345,586,2539,133,172,1118,6279,14563,207,3070,237,513,89,320,952,35,527,334,49,8043,44986
B78,3/5/2021 20:46,Sample,10,7901,50665,1085,531,147,1673,129586,1052,7116,4267,501,265054,69,,416,976,994,75,160,835,49,16,206,35,50,4569,3095,4813,237,821,172,66,483,4380,129,46,1450,10,49,670,113,274,475,42,99,610,4837,8433,131,1584,192,50,39,255,607,6,738,76,30,6221,20426
B69,3/5/2021 21:33,Sample,11,7608,144178,2233,1731,264,2068,116401,3182,116431,12595,2035,308631,255,,644,2446,2573,24,789,2664,212,197,463,64,88,18533,15305,19802,240,1038,198,174,1170,18066,248,1281,1707,90,719,4025,656,1077,4979,179,318,2636,27340,51354,399,6426,351,94,114,740,2114,22,73,127,85,31764,71711
B79,3/5/2021 22:08,Sample,12,8112,114668,3568,907,314,2635,139190,656,108566,13376,1392,334067,262,,783,1441,2196,388,618,2054,179,162,460,270,395,19515,12860,17612,247,1017,269,203,1064,15742,519,1673,1249,,441,4135,409,373,2893,252,282,1245,10134,31784,461,6946,771,66,17,606,1706,46,755,265,65,2318,70393
B70,3/5/2021 22:44,Sample,13,7551,59026,1554,1174,115,1527,112058,1206,35066,5235,765,285870,141,,378,1065,1238,84,373,1160,106,11,317,38,15,6648,6902,8001,198,872,211,169,668,8665,138,566,1510,12,309,3536,204,486,1867,85,194,771,7082,15408,178,2548,237,53,74,392,1031,12,781,342,23,10966,37752
B80,3/5/2021 23:19,Sample,14,7836,120281,1995,693,173,2439,138462,2771,75424,13148,1385,318968,240,,741,2155,2671,194,628,1641,102,239,329,114,93,12580,10606,11922,235,905,243,357,925,12559,256,1249,1861,59,369,1947,333,738,2885,181,230,1279,4065,11511,234,2980,469,130,6,324,2246,38,572,266,28,4921,66927
B71,3/5/2021 23:54,Sample,15,8046,69417,1877,1061,174,2065,122619,2279,52890,7918,901,297518,150,,473,1524,1441,54,465,1654,222,41,318,34,25,9987,8632,10262,237,911,208,155,809,10168,211,417,1727,46,437,9948,307,658,2739,128,230,963,11932,22347,246,2845,307,7,29,449,1212,26,638,311,40,18823,58525
B81,3/6/2021 0:41,Sample,16,7663,101954,2465,549,170,2463,138570,1312,38323,13352,856,296113,214,,689,3033,2127,240,469,2554,179,156,347,87,100,20083,11735,13965,249,938,263,238,1045,11841,287,848,1946,56,468,2217,405,649,3122,168,243,1517,5746,16387,306,2641,392,144,29,412,1515,53,66,83,23,3015,44193
B72,3/6/2021 1:16,Sample,17,7792,67323,1370,722,59,2196,103640,1170,27305,6040,948,299491,175,,509,1161,1898,44,320,1135,138,29,362,35,65,7441,6399,7708,231,930,288,76,694,7107,64,353,1296,31,209,2882,259,450,1340,107,163,577,2322,5856,164,1048,231,81,12,179,791,21,694,281,13,1196,20807
B82,3/6/2021 1:51,Sample,18,7783,84396,2249,2334,144,2955,113549,2075,90771,8558,1359,298790,170,,455,1574,2063,48,552,1913,113,141,230,43,71,13893,10299,9477,225,940,262,220,929,11002,162,1137,1669,50,488,766,360,981,3035,73,208,1183,2540,4844,174,1491,322,81,8,158,1730,39,299,190,35,672,42898
B73,3/6/2021 2:27,Sample,19,8060,153074,2313,1864,162,2432,132014,2471,85711,14956,1826,308664,286,8,689,2268,3131,41,521,1714,185,314,365,15,27,7470,9464,12803,237,911,221,430,971,12757,273,1292,1961,63,392,1987,334,890,2490,216,247,1468,20212,53780,417,8261,530,26,82,829,2180,58,568,518,52,6210,65294
B83,3/6/2021 3:02,Sample,20,7936,103759,2314,893,282,2896,141088,2125,80565,12999,1100,308139,281,7,596,2342,2368,216,699,2340,123,159,315,121,61,13797,11828,12065,241,895,234,331,1175,11782,248,1550,1415,29,603,5303,443,703,3755,224,311,1589,14727,20658,478,5321,329,275,106,449,1437,45,333,111,72,3399,56564
B85,3/10/2021 14:00,Sample,1,8953,118241,3668,1946,156,2638,97305,1928,88346,10843,1601,324946,262,,427,1825,554,248,538,2738,239,408,393,26,89,12319,10309,13184,247,495,77,476,1467,13523,285,1249,887,67,492,28595,394,980,3778,223,280,1233,38962,78385,553,9536,366,168,294,689,1684,47,63,172,25,31200,67100
B95,3/10/2021 14:35,Sample,2,8550,149432,6299,1001,142,4663,131331,2839,91375,23026,1841,342540,295,,706,5036,1023,775,855,3678,239,558,502,52,137,30330,19277,20638,255,456,79,772,1739,20896,493,2394,840,104,889,9862,776,1111,6824,289,364,1672,12411,14791,507,3909,677,213,164,286,1951,54,293,229,42,1942,62838
B86,3/10/2021 15:10,Sample,3,8649,132793,3243,2715,160,3860,139528,1068,81016,9111,1557,364770,241,,487,1768,894,155,490,2296,168,343,457,24,78,15806,12223,13851,253,474,103,441,1388,16566,271,2128,846,73,573,11737,515,995,4109,143,233,1689,16373,35333,354,4889,690,29,247,488,1721,71,1015,221,51,7603,67065
B96,3/10/2021 15:45,Sample,4,8774,166123,5654,2094,146,3853,146267,2580,104849,17005,2073,369289,291,,599,3620,1007,405,521,3414,147,440,344,57,115,31979,18656,22316,238,506,98,546,1646,23114,395,3108,895,132,893,2856,794,925,6306,345,297,2775,12095,15324,456,4064,650,382,41,288,2087,63,698,47,215,116852,66584
B87,3/10/2021 16:21,Sample,5,10767,76795,1697,377,142,2092,64916,791,36547,7565,904,202915,142,,353,1335,370,341,420,1264,,292,302,8,47,7363,6302,8106,149,331,29,278,923,8291,221,887,498,16,596,7530,372,529,1510,99,155,858,5442,10140,188,2745,292,134,137,176,851,13,988,247,24,3075,20025
B97,3/10/2021 17:07,Sample,6,8271,134633,3452,530,199,2622,123594,1615,118904,14887,1848,335428,285,,697,1815,1571,807,631,2987,188,418,358,73,98,29792,21366,18804,267,485,140,517,1547,20471,247,3069,877,130,725,12877,841,776,7162,254,267,2111,4472,7041,296,2814,333,551,11,151,2343,50,9,230,120,7205,14826
B88,3/10/2021 17:43,Sample,7,8435,96963,2092,2421,110,1811,91575,1557,51070,8312,1174,284807,179,,566,1280,1120,355,174,1620,114,360,449,19,60,7745,8264,11927,230,431,151,320,986,10019,289,1284,458,41,303,5280,357,589,2413,95,193,1277,6329,14081,260,2931,400,88,7,332,1013,21,1140,223,53,24093,70718
B98,3/10/2021 18:18,Sample,8,8215,179099,5445,466,327,3183,111197,2403,105239,21711,1704,334873,404,,764,3994,1820,465,847,3579,227,438,338,100,93,32549,20850,22686,261,404,135,640,1851,22324,438,4195,573,114,867,4293,657,1084,6784,256,353,1624,12838,27737,573,6420,407,243,128,485,2854,76,336,139,50,2031,47691
B89,3/10/2021 18:53,Sample,9,8006,81381,1883,2280,52,1800,106873,1050,50866,6802,1160,293557,189,,427,1367,924,151,416,1178,122,251,341,10,32,9142,8535,9482,222,419,96,243,1006,9612,346,1257,1038,58,448,6756,376,643,2794,54,184,929,5211,5093,238,2548,541,62,19,136,1026,5,1251,205,32,3647,13166
B99,3/10/2021 19:28,Sample,10,8632,207970,6283,3065,309,3516,94098,1691,145905,16573,1703,347665,276,,765,3906,2202,773,513,3418,230,419,332,85,130,42578,20290,23799,257,483,130,445,1586,24897,668,6445,578,133,806,2333,699,688,6390,229,279,3028,11287,15625,449,4516,513,118,91,304,2310,58,557,47,212,1248,51247
B90,3/10/2021 20:15,Sample,11,8213,54695,1400,673,54,1823,90552,981,23446,4159,725,296768,135,,428,694,758,203,218,968,140,169,295,10,13,3978,4534,5987,214,404,144,193,582,5727,95,384,621,15,169,1204,212,404,1045,59,115,642,4252,7092,184,2650,190,127,5,215,678,26,146,285,7,5648,22897
B100,3/10/2021 20:51,Sample,12,8451,82414,3281,2341,157,2930,68748,1043,52843,12432,1111,329186,246,,559,2263,1203,319,375,2241,136,276,283,24,70,14499,9894,10948,206,457,175,256,912,10736,291,1741,740,43,468,10428,369,479,3188,144,189,895,1906,3818,206,1555,398,142,37,151,1276,51,113,192,32,831,16722
B91,3/10/2021 21:26,Sample,13,8297,67233,1643,251,44,1581,78427,905,27552,5503,973,297973,177,,392,868,879,113,236,983,97,228,330,11,4,7081,5801,6184,205,419,154,241,754,7202,108,921,449,12,290,1773,229,425,1558,81,136,759,5083,4363,172,1867,187,107,,118,875,23,756,172,35,2510,6823
B101,3/10/2021 22:01,Sample,14,8276,111079,3658,685,169,2257,111464,2164,58312,12771,1472,329324,282,40,548,2047,1794,576,509,2451,217,374,237,58,47,18308,13498,15006,246,461,170,468,1218,13416,82,2298,752,81,503,890,562,630,4575,190,220,2166,7878,9320,317,3626,101,361,66,254,1787,49,467,62,78,1040,13333
B92,3/10/2021 22:36,Sample,15,8666,163471,4149,1767,156,2347,121851,2583,111165,17767,1683,346098,255,,621,2661,2097,1081,955,3705,216,427,485,37,85,30677,21497,26480,280,462,155,571,1725,23557,589,3427,993,123,1001,17934,741,945,7242,246,275,2732,42756,54921,591,8003,712,390,43,770,2162,52,405,223,56,44421,79639
B102,3/10/2021 23:23,Sample,16,8155,120586,4272,1443,216,3715,126011,2329,85716,14302,1478,339880,239,,584,4065,2353,459,555,2534,187,325,303,64,115,29292,17613,14142,231,464,277,573,1489,17844,328,2942,626,100,578,5659,623,967,4970,213,267,1502,8308,9117,311,3347,473,211,109,265,2220,44,10,288,82,432,40097
B93,3/10/2021 23:59,Sample,17,7917,61216,1626,675,47,1550,104601,884,18313,5278,717,319506,173,,505,834,1068,224,254,1023,96,279,268,6,43,4402,5033,6921,188,408,161,227,519,6590,122,589,651,,180,1053,256,338,939,48,63,582,3054,9270,207,1775,154,152,52,271,661,11,741,286,33,3853,21874
B103,3/11/2021 0:34,Sample,18,8556,151785,7761,1963,185,4793,91254,1559,89073,16058,1462,300636,263,,560,4276,2976,812,501,4129,155,345,275,60,134,37473,17999,20837,270,459,200,392,1357,18818,518,4287,539,113,640,1158,518,584,5023,196,255,2090,20140,34966,455,6036,425,103,157,605,1724,90,302,41,103,3487,35019
B94,3/11/2021 1:09,Sample,19,8865,114811,3380,706,183,2854,123437,1461,82219,11154,1329,368383,244,,624,1781,2315,219,425,2649,166,379,405,19,92,22189,14370,18228,230,434,241,465,1238,15383,246,2338,733,6,452,7682,521,747,3804,166,242,2611,9047,14463,359,3246,372,130,30,369,1571,38,1039,222,34,10256,27466
B104,3/11/2021 1:44,Sample,20,8553,150736,5857,2129,204,2956,92193,1694,153547,12798,1701,311879,281,30,627,1375,3141,522,519,2924,250,369,295,104,165,22152,22338,23022,276,472,238,489,1404,19040,299,3809,530,101,794,3521,496,708,7839,108,262,1236,10658,30986,359,6985,125,71,134,625,1862,101,810,40,56,1636,80837
B106,3/11/2021 15:23,Sample,1,8283,160941,5069,1240,205,1380,108321,898,44895,11621,1645,368569,215,,699,2017,1321,293,474,2571,206,571,759,120,125,13490,15703,18368,272,334,120,639,1261,19041,423,2069,376,82,756,1314,577,679,7101,138,202,2092,11517,21714,377,4396,259,123,125,386,1638,52,59,126,68,4071,54276
B116,3/11/2021 15:58,Sample,2,8342,138433,5127,1848,154,1830,119810,1845,35032,14538,1414,323051,279,,640,2154,1495,448,469,3533,202,704,412,104,166,15514,14493,14056,300,343,162,784,1195,13122,166,2705,595,82,472,8720,504,562,5916,254,239,2970,8973,12863,367,3889,249,39,69,316,1864,44,658,40,53,5185,34230
B107,3/11/2021 16:34,Sample,3,8543,112185,2921,2250,222,1030,76903,1595,39952,8156,1043,310663,50,,484,1967,1094,93,469,1916,164,301,519,68,51,9906,9168,13635,279,344,115,458,1123,13569,246,1069,552,72,428,9693,450,671,3698,165,254,1697,22106,46615,263,3047,328,102,78,682,969,29,1114,193,53,27842,71245
B117,3/11/2021 17:09,Sample,4,8651,110214,3359,689,106,1282,88781,982,15357,8604,1100,249991,264,,598,1402,1613,269,214,1814,173,552,339,23,74,8371,8372,11310,279,305,161,371,745,8469,159,1002,690,27,239,1291,315,256,2731,70,169,1169,5947,11935,311,3522,165,37,16,315,1276,39,511,31,46,9499,17965
B108,3/11/2021 17:44,Sample,5,8840,249212,5174,1523,518,1511,205192,2386,73341,18351,2944,598599,327,17,981,2934,3707,386,761,3872,321,712,992,194,241,25831,26570,32942,323,374,339,1100,1716,30747,448,4037,843,110,531,15504,786,1165,9042,430,403,3838,41829,74744,661,10223,475,306,97,1012,2949,76,431,292,123,45856,136528
B118,3/11/2021 18:31,Sample,6,8599,147553,7406,1813,471,1957,130244,1177,83669,17085,2130,341750,306,,633,2069,2428,30,429,4128,241,637,478,59,228,24990,20462,19638,283,363,239,710,1362,16003,271,3721,454,117,604,9623,635,622,8692,213,221,3014,9483,20592,530,6186,189,121,52,457,2865,34,8,53,33,7166,45973
B109,3/11/2021 19:06,Sample,7,8348,33758,1234,165,174,1032,16980,481,7623,2407,273,54873,58,,128,549,588,86,130,431,87,90,75,6,17,3231,2994,2619,213,288,33,83,265,3308,36,156,135,,173,693,95,162,1284,33,55,344,2649,4254,62,860,39,47,10,125,513,7,903,21,31,2385,10496
B119,3/11/2021 19:41,Sample,8,8478,133271,3899,1607,164,1660,112484,891,29127,7480,1364,338997,267,,689,324,2422,265,318,1896,168,565,417,102,178,9700,12399,12153,226,332,244,422,874,11514,344,1918,767,69,379,5793,705,231,4404,150,180,1256,927,5954,178,1501,354,81,17,202,1120,14,,134,556,3513,27279
B110,3/11/2021 20:17,Sample,9,9187,211968,5478,1987,402,1871,113707,1698,78329,21318,3011,363861,358,,1099,2887,3222,54,911,4289,318,542,716,151,248,26862,23735,32982,319,384,215,774,1400,30736,385,4094,423,205,642,9934,652,1459,8583,396,355,4171,24471,38546,704,6194,234,270,332,648,2182,77,195,305,88,9635,141412
B120,3/11/2021 20:52,Sample,10,8353,224629,5050,2176,334,1910,116406,2624,34315,18855,2280,339537,387,,1275,2693,4327,182,712,3301,197,829,655,73,194,14810,16489,21507,267,348,241,1028,1206,16837,320,3202,515,50,477,4156,599,546,6118,269,249,2774,32504,20067,810,9337,353,377,40,406,2045,28,1131,119,75,12395,21758
B111,3/11/2021 21:39,Sample,11,7935,116689,4053,777,259,1457,119340,742,22292,7001,1512,326019,231,,734,1004,3345,42,238,1669,90,479,591,213,178,8112,10822,14900,275,394,389,543,615,11436,171,806,341,10,134,2120,262,338,2504,111,86,1484,6004,18635,268,3062,174,20,47,471,1142,30,141,275,74,6263,47692
B121,3/11/2021 22:14,Sample,12,8416,162877,5178,853,289,2084,131723,2231,79098,17796,2106,351359,305,,991,2358,4257,495,674,3417,262,568,482,85,218,17994,19856,21323,296,344,353,675,1097,17604,172,2596,478,104,376,3944,524,789,5995,337,211,2231,2069,4112,376,2575,213,188,,163,1955,80,563,62,17,899,36804
B112,3/11/2021 22:49,Sample,13,8113,277388,11111,1554,408,1269,106689,1892,85829,25954,2874,341039,267,9,1002,3818,5123,336,838,4522,221,767,837,245,207,26895,30747,33062,287,409,233,806,1857,36070,360,6165,378,330,881,15274,762,1082,11305,470,338,4644,37637,87342,529,10926,503,647,55,1171,3298,77,752,92,62,119059,214076
B122,3/11/2021 23:24,Sample,14,8043,120016,4563,1765,240,1575,117002,1096,59168,9567,1629,362282,291,,765,746,3043,229,413,2153,180,585,521,191,200,9437,15793,14218,270,308,376,702,825,12348,158,1646,701,88,570,3648,408,568,6301,83,157,1572,10077,12573,400,6256,138,66,23,351,1854,17,1170,288,46,56060,49073
B113,3/12/2021 0:00,Sample,15,8539,189103,6811,930,474,1397,126421,702,28114,9794,2048,348440,241,,635,1395,4934,68,506,1779,123,652,543,302,364,7777,14482,16872,238,361,386,878,855,13919,173,1638,543,47,333,2862,294,397,4692,86,171,1854,13115,48547,353,8411,235,98,45,885,1499,30,292,43,52,11475,65489
B123,3/12/2021 0:47,Sample,16,8492,238912,10055,3587,648,3327,126737,1981,236329,24525,2711,373717,267,44,854,2041,4936,685,906,4129,170,685,509,301,463,21995,43315,29957,312,362,270,951,1793,28085,241,5336,622,152,1787,20375,846,1176,23981,268,423,3068,51553,136856,1052,26102,1055,70,152,1559,3316,121,21,36,110,3866,158276
B114,3/12/2021 1:22,Sample,17,8456,248616,7566,2858,156,1483,118119,2540,106869,19607,2992,384401,334,,1273,3490,5249,392,1039,5077,270,802,857,257,295,30401,30766,34968,307,395,307,548,1844,39855,284,6901,701,213,967,14611,830,1329,10168,397,283,4033,43451,101652,651,9872,234,598,349,1282,3185,77,1082,126,60,17382,137052
B124,3/12/2021 1:57,Sample,18,10036,153541,6276,2925,620,2843,190277,1427,38769,30380,2357,364871,448,7,861,2135,3332,69,569,5278,46,983,593,129,221,16209,22132,26160,417,483,271,627,93,17699,639,,380,174,,2286,23,889,4749,355,123,1629,3752,16506,359,4248,447,28,24,405,2934,67,1056,116,32,1313,68696
B115,3/12/2021 2:32,Sample,19,7971,357552,6049,4137,420,1944,161908,1549,96552,29926,4400,416622,544,,1457,3291,11285,326,534,4355,376,1260,1039,198,240,32067,34640,46733,324,415,507,1241,1751,36373,470,4959,736,143,575,20542,775,1223,9577,512,314,4496,47499,84197,918,12826,582,242,207,1148,2988,97,523,117,134,12784,143031
B125,3/12/2021 3:08,Sample,20,8908,114970,3772,3183,416,1640,131018,2000,40781,15565,1626,344548,284,,616,3156,3676,389,632,3015,263,518,363,84,111,14518,14401,14896,277,366,388,729,1312,12195,257,2519,542,51,455,7873,656,484,4981,267,277,1923,2244,4771,239,1145,454,329,43,168,1796,24,755,53,12,861,9316
B127,3/12/2021 16:39,Sample,1,8887,92753,2593,1158,250,1032,118020,2737,84472,9792,1139,390748,173,,385,2152,730,472,576,2161,193,305,468,101,172,16489,11691,15934,428,599,114,355,1259,18730,141,1089,2260,61,586,10189,523,853,4335,224,235,1561,3542,9299,322,2479,50,217,44,193,1808,67,88,218,33,4521,72662
B137,3/12/2021 17:15,Sample,2,9642,127434,1939,2091,241,2494,98429,2041,79925,10502,1814,340102,264,,771,1610,982,102,520,1986,220,444,494,72,65,10810,11071,15123,383,551,93,313,1328,14705,268,1542,1991,57,704,3444,593,771,4849,127,304,1555,14594,23501,355,5522,516,96,122,436,1779,43,578,399,77,3607,60602
B128,3/12/2021 17:50,Sample,3,9045,147370,4292,2037,719,1047,122297,1881,123904,15427,1863,369069,201,,580,1889,1154,206,740,4153,287,358,615,299,345,35853,22203,25610,418,587,112,416,1578,29201,494,1992,1281,96,1111,41587,715,1245,8838,440,382,3025,30863,47261,468,4834,756,1032,110,579,2324,59,943,288,52,54855,138661
B138,3/12/2021 18:25,Sample,4,9432,167654,3989,1868,289,2567,113826,2173,204677,16922,2214,372656,296,,1003,3075,1340,76,583,3277,237,451,744,92,150,15901,18549,19744,436,585,116,570,2002,26189,480,2845,2003,133,1070,18767,833,1161,8311,283,448,2296,30061,34041,573,7322,711,100,255,493,2576,69,1030,369,66,18644,119103
B129,3/12/2021 19:00,Sample,5,9652,128128,2683,1466,395,1041,100799,2030,138298,15012,1684,370903,218,,529,2406,1217,223,469,3071,226,352,503,195,232,19451,12966,17226,399,603,104,439,1318,18108,361,2101,1129,59,725,9197,599,931,4497,263,425,1844,5322,11567,328,2094,359,135,60,312,2478,53,829,193,,6870,181752
B139,3/12/2021 19:47,Sample,6,8679,102447,1921,2579,255,1850,74180,2273,87544,9074,1411,283359,161,,582,1486,931,65,506,1762,155,301,357,50,55,10061,9186,12284,372,556,82,237,1175,11108,231,529,1410,56,719,5051,513,772,4092,124,315,824,12835,11042,341,3999,452,61,7,271,1363,36,12,139,23,9730,37974
B130,3/12/2021 20:23,Sample,7,8911,137914,3587,1168,585,958,107572,1697,132475,16702,1529,351773,183,,600,2367,1245,75,492,3526,228,379,619,121,147,36497,22826,23867,388,596,107,544,1739,29769,388,1277,1267,154,1190,18216,818,1110,8980,419,396,2909,17681,29283,311,2875,406,396,59,448,3257,69,188,157,64,28629,73030
B140,3/12/2021 20:58,Sample,8,9071,127386,2444,1969,215,2455,89778,2197,106957,12920,1547,331409,199,,624,2283,1016,209,938,2606,217,355,361,99,88,17271,15272,18075,420,570,107,433,1714,16768,296,1037,1391,117,1343,8452,803,726,7137,177,382,1627,11929,14166,433,3201,487,508,105,301,1621,51,839,86,127,7053,67880
B131,3/12/2021 21:33,Sample,9,9495,131315,3497,2099,358,1433,102472,1494,97814,13623,1829,363376,226,,672,1673,1357,34,509,2657,236,384,597,223,300,22844,16237,20981,375,582,133,480,1454,22607,389,1289,1240,88,972,13441,652,1021,5804,319,322,2549,11378,23354,347,3785,419,333,92,490,2632,38,1150,466,43,8015,62615
B141,3/12/2021 22:08,Sample,10,9086,166001,3028,2010,240,1628,107831,2718,105883,16145,1868,371195,260,,851,2274,1377,250,428,2861,247,536,513,81,125,19693,17090,20267,371,591,108,518,1829,19339,420,1759,1851,89,1409,11481,1025,816,7771,260,414,2420,15251,23200,425,4848,292,263,137,433,1905,53,1166,102,125,16101,49095
B132,3/12/2021 22:55,Sample,11,9124,89343,1675,1506,162,1144,89975,2163,49051,7710,954,337109,258,,514,1220,1155,210,319,1572,127,318,393,24,55,9212,7947,11636,372,551,169,303,1171,10583,123,525,1172,22,426,7614,418,511,2397,101,178,1026,6546,13945,181,2474,102,74,9,320,1405,14,110,253,50,13570,28840
B142,3/12/2021 23:30,Sample,12,9302,115151,2447,2811,259,1862,101196,1618,31803,14603,1481,352393,205,,743,2009,1249,446,443,2177,171,373,421,66,103,13689,10436,13481,408,552,113,432,1512,12082,377,1240,1788,67,812,6540,742,662,4288,252,350,1545,7970,8803,351,3608,567,250,106,234,1656,40,386,139,52,572,20263
B133,3/13/2021 0:06,Sample,13,8885,123761,2359,1136,191,911,106583,2409,73899,9839,1639,333937,307,,577,1609,1612,204,552,2889,181,351,465,96,82,10402,9820,14975,379,542,193,504,1188,12130,284,702,879,50,483,6963,443,781,3657,215,339,1493,6312,12755,295,2604,138,326,13,366,1465,53,634,203,98,40390,77359
B143,3/13/2021 0:41,Sample,14,9595,188229,3579,4936,337,1726,124576,1770,101533,21428,2422,364759,411,13,952,3366,1988,357,800,3731,348,827,607,68,101,20069,19999,26780,441,587,144,906,1907,20536,421,2299,1518,128,1413,6810,934,659,8355,251,401,2412,7635,19134,304,3832,301,400,126,401,2048,75,811,159,143,2639,55894
B134,3/13/2021 1:16,Sample,15,9980,110578,2093,1868,234,1226,92350,1730,73726,9407,1372,344724,271,,640,1775,1495,86,622,2638,169,386,383,60,116,10894,9900,13602,407,586,147,414,1199,12428,279,863,1202,63,577,17578,435,832,3593,213,314,1537,7460,19005,2743,3830,290,202,185,394,1744,56,959,205,73,1046,37239
B144,3/13/2021 2:03,Sample,16,8893,128189,2818,5701,109,1783,119547,1672,92531,14118,1710,339767,267,8,725,2477,1495,264,784,2484,236,467,442,54,89,11436,14071,15626,377,533,151,638,1664,15935,576,903,1424,91,1207,14171,685,818,6402,205,369,1866,8303,14965,297,3381,784,244,126,373,1580,71,9,179,64,10295,103416
B135,3/13/2021 2:38,Sample,17,8912,136984,2485,3452,391,1094,101812,2013,69408,12623,1738,351178,275,,702,1963,2151,292,533,2549,228,570,490,106,101,14679,11647,18147,427,573,190,654,1410,14948,179,1092,811,75,662,7770,528,755,4218,167,222,2168,11101,21515,297,3976,277,143,28,526,2345,64,692,151,59,35389,60688
B145,3/13/2021 3:14,Sample,18,9522,182126,3529,4206,311,2259,104437,2172,175363,14132,1802,366430,272,21,887,1999,2313,81,676,2983,287,607,441,157,190,19440,22010,23133,432,589,178,702,1804,20564,334,2927,1048,159,1777,4116,791,725,10235,140,350,1944,19177,33638,505,8849,313,174,85,590,2625,62,776,39,173,6486,111425
B136,3/13/2021 3:49,Sample,19,9601,194200,3548,4091,292,1802,112260,1849,128331,17261,2421,350721,420,,716,2578,2904,147,738,3459,273,506,561,42,92,22076,20755,24401,465,573,200,843,1937,25752,333,3653,1121,29,1163,7215,735,1108,7589,177,369,2392,14427,30768,449,5480,563,103,9,610,3089,74,692,278,252,32006,87759
B146,3/13/2021 4:24,Sample,20,9194,148735,3430,2361,149,1449,105211,1328,86290,15187,1443,358880,214,,772,2150,1957,274,547,3014,216,486,374,11,79,17920,18275,19409,467,613,179,560,1490,18124,372,1288,1377,67,1411,4280,742,440,7599,216,310,1873,6784,18495,289,3767,324,147,70,427,1628,66,762,226,121,1969,47798
B148,3/16/2021 14:22,Sample,1,9502,208664,8330,3219,290,2287,147291,2093,158081,19806,2380,507921,370,8,1019,2436,1319,930,1028,3212,223,773,932,275,409,49274,23325,35910,566,1019,149,927,1521,29543,756,1730,3128,77,1186,13515,923,508,8558,284,285,3375,7986,32690,264,5602,677,237,67,537,2650,29,111,266,67,10855,119235
B158,3/16/2021 14:57,Sample,2,9723,137833,3141,3018,126,1922,127584,2005,39607,11553,1478,408228,334,,813,2935,1153,197,622,2315,143,730,586,17,102,12230,10332,16592,461,861,111,805,1237,11670,276,760,2285,66,567,4530,497,471,3608,190,266,1990,2402,10261,206,1424,530,199,36,313,1455,27,556,516,38,4264,18122
B149,3/16/2021 15:33,Sample,3,9525,37903,1162,224,110,1245,85377,444,14157,2200,516,373150,82,,356,504,344,115,164,609,14,105,304,18,17,3402,3009,5922,377,746,122,149,426,4562,65,8,1759,,132,2394,170,197,693,37,82,585,2688,6328,51,923,83,21,12,208,501,19,635,298,8,6692,14769
B159,3/16/2021 16:08,Sample,4,9107,153540,3530,3302,176,2018,100442,1279,77761,15432,1825,376504,356,13,846,2593,1435,187,548,2600,169,719,458,43,25,13993,14243,18324,452,876,143,856,1323,16911,251,1416,1840,85,898,5664,617,654,6289,146,303,1765,5840,18653,309,3035,358,304,58,406,2105,27,87,155,73,10547,38103
B150,3/16/2021 16:43,Sample,5,9310,241036,4445,716,238,1952,106801,2506,184300,24595,2132,393860,316,,727,3144,1852,450,948,3398,229,1020,745,153,178,25437,21794,25040,440,889,59,1100,1965,26880,457,2538,2293,247,1348,9491,654,1316,9483,239,391,2561,10467,35199,459,5908,976,383,66,577,3715,50,873,515,112,29167,132031
B160,3/16/2021 17:30,Sample,6,9253,98191,2367,1020,99,1806,109606,1088,34364,9706,1257,397192,225,,734,1374,1024,112,390,1898,168,443,479,38,62,6512,7225,9860,466,858,119,542,806,9463,150,390,1815,43,319,6754,316,472,2235,183,228,1191,5866,15940,237,2566,373,239,32,406,1003,37,201,379,53,16664,28576
B151,3/16/2021 18:05,Sample,7,8987,91390,2626,954,269,1758,109469,1127,83587,10404,1265,386245,187,,505,1092,998,220,246,1669,183,332,440,53,35,16445,12371,14290,424,879,167,299,1096,15025,357,1398,1291,18,798,2940,647,863,5339,175,231,1473,12168,31773,318,4680,938,12,65,581,1784,37,94,359,52,17637,45941
B161,3/16/2021 18:41,Sample,8,9356,138658,1277,1555,125,2381,119894,1558,38898,11504,1442,387908,273,,724,1500,1491,107,417,1735,180,635,472,32,64,7944,9801,12717,399,799,138,685,1296,12016,135,1443,1806,66,597,3518,454,662,3980,126,319,1581,5590,16114,264,2699,502,114,20,405,1383,51,786,300,85,3747,25012
B152,3/16/2021 19:16,Sample,9,9232,105053,2389,3930,255,1640,87389,1776,82686,10483,1314,352784,212,,414,1515,1140,265,469,2405,135,417,433,98,125,14963,9700,15885,431,861,121,383,942,12697,125,1182,1297,71,484,5180,519,750,3634,75,219,1762,3542,6333,198,1579,270,173,23,166,991,36,593,220,55,22623,23479
B162,3/16/2021 19:51,Sample,10,9952,134771,3315,2217,106,2865,103752,1041,63124,9101,1955,390774,280,,834,1325,1369,61,423,2294,179,601,456,67,44,7626,9555,14757,390,819,153,615,1166,12672,175,1128,1476,38,586,8163,390,703,3906,175,268,1582,17251,34585,419,6822,210,306,75,586,1331,69,818,311,131,17342,70281
B153,3/16/2021 20:38,Sample,11,9304,186967,5156,1627,547,1651,128406,2158,158529,20544,2161,387775,362,,571,2959,1840,537,770,3902,246,745,603,108,98,31478,23553,24364,458,946,139,794,2041,28105,380,3066,1400,203,1612,11368,899,1012,10158,278,403,2781,14477,39554,406,5460,484,255,112,661,2521,71,135,359,95,12336,69882
B163,3/16/2021 21:13,Sample,12,9857,255647,4827,4151,92,3880,159352,1943,169177,26199,3577,410468,484,,877,3540,2055,163,623,3890,280,700,545,31,72,16236,20319,26761,455,961,106,735,2106,25430,573,2728,1911,168,1635,47264,819,850,9491,391,481,2850,20260,48737,570,8354,576,234,139,676,2762,45,1245,374,136,3451,56761
B154,3/16/2021 21:48,Sample,13,9509,170264,4870,1696,293,1803,105484,1772,126735,20265,1766,386138,325,,745,2500,1658,166,629,3750,229,866,557,72,84,32515,20261,26132,452,896,140,922,1744,21229,284,2826,1862,114,1680,5017,850,958,9599,256,479,2501,10875,40606,452,4904,394,50,68,678,2231,68,1285,249,87,3431,53884
B164,3/16/2021 22:24,Sample,14,9528,128730,2922,3856,63,1870,82012,1245,72907,13018,1448,354900,261,,706,2457,1639,225,534,2448,190,600,389,16,68,9178,11029,13837,415,835,163,530,1301,12559,355,874,1935,57,913,6300,458,579,4859,173,326,1214,2619,8060,181,1629,592,144,76,264,1566,47,1300,366,56,1640,31145
B155,3/16/2021 22:59,Sample,15,10095,297942,5553,3768,388,4260,84222,2880,302791,30757,3365,398138,494,,876,3428,3229,527,1035,4160,337,1207,725,137,178,33563,29286,38982,463,910,151,1403,2075,31868,454,3633,2003,200,1954,7874,1164,1407,11952,266,438,2903,16862,57663,687,9528,290,138,75,897,3311,82,,450,157,8953,107394
B165,3/16/2021 23:46,Sample,16,9436,198877,3930,4646,67,2556,102345,1943,135981,19580,2336,398578,396,,1019,2304,2386,164,548,3264,305,993,641,84,204,17616,19799,23350,453,983,200,955,1880,21457,437,1786,1243,239,1574,29585,737,764,9734,286,377,2008,28943,19691,496,6763,544,683,35,404,2254,59,18,216,97,14274,32938
B156,3/17/2021 0:21,Sample,17,9899,80396,1784,1262,128,1432,86998,1911,30819,7143,947,371195,169,,459,1024,1139,210,335,1270,86,314,364,48,70,5271,5664,7596,359,770,209,396,863,7933,158,382,1633,32,322,8669,287,514,1711,68,189,1125,6927,11674,207,2152,310,77,11,305,1069,18,621,484,68,12253,24733
B166,3/17/2021 0:56,Sample,18,9692,128431,3556,579,189,1881,78030,966,34463,12493,1208,352996,321,,809,2190,1531,333,446,2234,136,685,513,58,13,14080,11894,16076,396,775,174,709,1385,12862,116,623,1856,74,1071,18878,587,664,5107,158,326,1803,6315,13580,241,2866,86,387,9,348,1908,48,554,309,45,18769,32785
B157,3/17/2021 1:32,Sample,19,9913,120459,2765,1179,249,1622,84126,1524,76925,12183,1297,378490,225,,595,1799,1324,295,326,2358,161,575,435,80,79,16920,12749,13884,405,809,140,583,1534,14008,125,1127,1195,78,1206,16836,693,553,5696,233,385,1984,3020,7669,206,1474,196,81,,226,1732,25,841,200,60,7725,19620
B167,3/17/2021 2:07,Sample,20,9478,202402,4194,3062,225,2127,105961,1921,125668,22916,2139,417001,366,,973,3250,2496,92,533,3552,267,1029,657,106,137,18386,20143,25118,481,899,232,1046,1760,21939,234,866,1525,131,1628,20942,692,1092,9195,225,446,1876,8369,22544,418,4026,538,383,45,529,2386,86,85,575,46,10161,117038
B169,3/18/2021 13:57,Sample,1,9264,224853,4408,675,768,2941,136708,1875,177370,23958,2571,426116,419,,771,2756,895,482,901,3614,292,1273,760,208,265,30546,15425,27215,496,1546,72,1136,1792,26248,446,1705,4121,93,967,35182,617,1687,6684,440,346,2708,33502,90256,702,13446,539,122,180,821,3542,67,323,941,58,4733,131371
B179,3/18/2021 14:48,Sample,2,9957,292182,5336,1592,514,3618,120188,4605,238718,27292,3683,388345,389,,911,7086,1149,377,998,3935,332,1182,695,198,237,23647,19571,23654,471,1002,37,1165,2422,30023,332,2721,1693,156,1689,17350,1047,1828,8913,315,490,3289,20275,40763,657,11521,464,105,82,447,3489,60,466,216,98,15287,82134
B170,3/18/2021 15:24,Sample,3,8763,89365,1624,516,152,2022,112725,926,26576,7237,1097,354115,266,,611,1155,535,170,244,1103,148,557,482,45,76,8584,4382,9809,368,973,88,581,1013,8744,75,340,1760,17,220,1681,229,669,1083,21,150,908,5572,16126,276,2966,209,52,34,352,1371,36,1245,536,55,3013,38987
B180,3/18/2021 15:59,Sample,4,9161,222834,5514,2069,326,3980,109119,1575,136820,21016,2896,401982,336,,902,3117,1111,1104,637,3165,285,912,604,91,222,19555,18355,22404,433,429,94,957,2093,24337,331,3135,1527,69,1735,16324,1089,992,10391,468,326,2767,37794,79941,596,9930,689,136,121,811,3798,66,452,117,61,30094,75923
B171,3/18/2021 16:34,Sample,5,9065,140379,2919,1961,227,1608,90559,1335,104923,9803,1738,354424,282,,524,2399,766,81,461,2412,193,570,455,56,100,17523,9614,16783,389,886,76,562,1680,15232,266,1321,1561,72,877,12765,561,1034,4334,147,277,2128,12772,22058,304,5918,255,31,34,387,1886,34,762,369,41,933,72638
B181,3/18/2021 17:21,Sample,6,9179,234194,3401,1375,45,3946,100962,1798,148527,22975,2874,368317,423,,947,4523,1212,265,688,3154,310,1089,646,61,25,13616,11159,16980,440,874,89,850,1836,18113,296,1445,1207,117,1034,22432,633,1334,4938,137,391,2588,26873,58843,553,10203,627,40,208,636,2379,63,222,505,72,9857,63328
B172,3/18/2021 17:56,Sample,7,9448,178572,2978,809,206,2700,100986,1831,85199,17656,2131,383439,517,,679,2779,1307,301,548,2285,316,933,557,54,101,16121,10754,18382,418,886,101,966,1713,17551,228,2205,1652,74,739,10694,547,1174,4188,147,323,1952,10532,26734,421,5898,430,154,49,457,2304,57,817,762,69,3599,51165
B182,3/18/2021 18:31,Sample,8,9086,259332,6141,1737,472,4206,110808,1551,142471,27625,2855,380974,465,,1116,4534,1596,279,931,2820,224,1169,660,86,145,20954,15807,25056,500,994,97,1163,1895,24587,464,2057,1271,145,1180,11582,735,1137,7275,252,371,3183,23292,59604,616,11641,417,97,104,703,2480,66,996,279,92,7760,92986
B173,3/18/2021 19:07,Sample,9,8783,133904,2491,291,251,1656,39150,2042,103496,12953,1329,149844,258,,395,1849,1107,171,478,1187,202,596,342,37,28,9712,7966,8926,396,849,17,447,997,9784,141,594,669,48,722,3989,257,718,3561,102,180,1080,9626,30579,296,6210,452,,68,529,1925,40,897,187,45,5139,50808
B183,3/18/2021 19:42,Sample,10,8862,98640,1769,924,208,1600,83798,657,38302,7128,1376,327341,185,,615,930,800,38,170,1670,46,452,376,83,172,7029,5253,8326,376,893,114,445,825,9297,157,269,1730,15,360,8462,301,341,1806,74,144,1387,11521,21587,249,3577,280,47,32,394,1033,20,251,92,47,12385,56047
B174,3/18/2021 20:29,Sample,11,9132,157264,3862,999,424,1886,108338,1520,94911,12899,1845,378915,275,,742,2451,1241,186,524,2799,281,700,509,109,75,23343,12427,20403,385,970,107,680,1520,19201,258,1449,1789,64,910,3159,684,1010,4919,165,300,3044,24366,44811,368,5936,227,99,117,680,2362,36,102,188,52,48672,78008
B184,3/18/2021 21:04,Sample,12,8893,118077,3118,543,203,2666,97049,1576,70051,12835,1325,383780,248,,669,2652,1000,154,549,2261,201,631,433,81,115,15497,9957,13257,393,968,117,653,1447,14110,256,1077,1656,28,978,16892,687,844,4638,196,346,1941,24024,36512,394,5239,301,52,177,538,1566,28,1009,491,39,10754,40838
B175,3/18/2021 21:39,Sample,13,8820,110464,1952,347,199,1821,98187,1489,58712,10397,1177,367544,228,,679,2244,1142,222,484,1681,163,597,506,64,54,11948,7303,11563,383,938,109,583,1384,12226,134,782,1664,51,571,11240,530,830,2837,144,302,1435,10432,23129,303,3851,224,51,90,424,1457,44,143,532,60,5726,33752
B185,3/18/2021 22:14,Sample,14,9493,185246,2732,723,76,3494,97289,1978,105236,16141,1964,356410,350,,698,3811,2180,464,694,2489,325,779,388,61,126,27481,17473,20588,456,917,124,661,2066,22811,154,2924,1354,80,1347,4566,924,757,7531,165,391,2091,12755,30731,367,4731,343,63,72,543,2855,36,695,75,74,22135,54894
B176,3/18/2021 22:50,Sample,15,9416,239595,3685,1213,271,2654,96188,2358,122087,22110,2743,355051,394,,829,3031,2205,208,732,3005,242,913,623,66,73,18023,12604,19465,444,923,87,863,1956,20196,302,2845,1265,103,1043,18083,765,1272,5465,314,392,2606,16511,36913,496,6720,550,90,98,563,2262,62,969,198,59,6305,66549
B186,3/18/2021 23:37,Sample,16,8778,142338,2293,487,193,3903,73549,1843,64914,11981,1597,261978,249,,714,2552,1776,216,534,1841,177,618,360,35,88,8746,9128,10198,382,947,118,603,1149,11651,182,447,1320,93,790,1595,538,651,4121,123,257,1452,4458,8862,251,2373,286,9,29,241,1565,37,90,152,85,1263,31099
B177,3/19/2021 0:12,Sample,17,8903,125431,2636,618,273,2423,89370,1994,84221,14807,1506,361685,293,,556,2834,1280,205,411,2231,191,764,460,95,42,14452,9568,12515,420,924,98,594,1494,14328,135,1024,1427,72,755,15276,573,1003,4001,255,339,1880,13991,22824,390,4588,217,42,80,451,1949,57,73,309,87,15818,49467
B187,3/19/2021 0:47,Sample,18,9142,183361,3973,2003,110,2884,113895,2560,148990,22254,2560,395547,316,,879,5130,2127,546,877,3279,317,1011,509,24,200,26132,18829,23411,418,978,142,949,2157,24839,265,2043,1614,173,1577,20974,1001,947,9111,465,469,2578,17836,33797,496,5719,210,437,33,584,2566,54,843,189,61,6893,67095
B178,3/19/2021 1:22,Sample,19,9038,157316,2675,1080,160,2481,88637,2833,104561,16786,1881,372399,358,,813,2613,2222,356,622,2474,236,844,509,140,210,15185,10532,15820,392,1007,196,799,1552,15570,195,1732,1734,76,681,15485,662,863,4156,258,331,1758,20194,44314,443,5445,310,284,91,705,1928,69,985,126,63,6497,86288
B188,3/19/2021 1:58,Sample,20,9723,40587,1469,959,96,1747,39862,749,22688,4978,518,170677,87,,309,1135,588,145,175,919,63,189,179,42,57,6142,3809,4987,287,793,88,135,522,5404,65,95,1000,,336,4715,204,205,1073,84,110,554,5698,10419,99,1448,115,14,27,304,675,,300,279,,7306,14231
