Name,Acq. Date-Time,Type,Injection,Propylene glycol,"2,3-Butanediol",Lactic Acid,"2-Pyrrolidinone, 1-methy",Alanine,Methylsuccinimide,Sarcosine,3-Pyridinol,Valine,Unknown 4.5703 ,Urea,Glycerol,Phosphate,Leucine,Isoleucine,Proline,Glycine,Succinic Acid,Norleucine,"Diethylene glycol, n-butyl ether",Fumaric Acid,Serine,Unknown 6.94 ,Pipecolic Acid,para-Isopropylbenzoic Acid,Threonine,B-Alanine,3-Aminoisobutyric Acid,Timonacic Acid,Malic Acid,Threitol,Arabinofuranose,Erythritol,Tromethamine,Aspartic Acid,5-Oxoproline,3-Hydroxyproline,4-Aminobutanoic Acid,2-Oxoglutaric Acid,Ornithine,Glutamic Acid,Phenylalanine,Homocysteine,Taurine,"2,8-Dihydroxyquinoline",Asparagine,Ribitol,Unknown 16.6246 ,Putrescine,Unknown 17.1507 ,Glycerol-3-phosphate,Glutamine,Phosphorylethanolamine,Methionine,Citric Acid,Galacto-Hexodialdose,Cadaverine,Unknown 19.5708 ,Adenine,Fructose,Gluconolactone,Glucose,Unknown 20.7569 ,Sorbitol,Glucitol,Tyrosine,Myo-inositol_1 ,Maltose,Altrose,Gluconic Acid,Galactose oxime,Myo-inositol_2 ,Uric Acid,Adenosine,Inosine,Sucrose,Lactose
Reagent_Blank_1,2/25/2021 6:10,Blank,21,4477,931,444,,1357,15,722,127,86,,222,945,2957,104,59,438,452,49,353017,80,10,169,,8,202,7,,18,,,,564,,455,58,42,,94,,,31,,,8,2429,,,,8,,,10,,,86,,,,,25,,50,5,,,,,7,,38,,,,,8,346,63
H1,2/25/2021 13:40,Sample,1,23561,553,836,34262,119581,3630,29821,201,2265,292,6667,1524,197731,2584,5456,389476,22684,2394,359207,798,901,4718,329,1277,588,1875,68945,722,271,1469,572,3274,815,446,7990,31453,1182,3021,54,594,13269,268,431,7602,4033,346,1602,4092,438197,322,2947,29063,2715,573,10155,97,3459,1848,,432394,727,165287,1184,5802,35601,120,525,421,471,2036,883,544,90,140,245,86763,430279
H11,2/25/2021 14:15,Sample,2,9220,303,620,6557,23680,508,11361,226,2853,587,484,1389,97089,1241,1752,135032,16403,764,380607,264,259,1358,98,2051,283,852,11215,217,66,340,609,2189,1099,28706,1706,14238,454,945,,639,9954,346,337,7689,4475,283,131,1894,153636,306,1756,12176,1362,368,2025,232,637,1339,21,12964,141,21759,1340,2964,2290,305,912,,83,598,266,177,65,995,35,14240,715833
H2,2/25/2021 14:50,Sample,3,21235,991,689,33750,133451,3559,14634,192,3017,586,529,1694,179752,3137,4973,344389,19138,1968,354187,679,764,8020,440,1014,519,2171,79092,915,161,1461,421,1826,617,494,8723,25617,915,2200,165,932,13497,566,654,9028,3221,481,1411,2789,245402,527,3611,22194,2397,813,7116,505,3152,2814,,193574,754,229778,2324,3362,10672,178,2397,537,577,2379,1239,1776,293,759,188,478188,1187766
H12,2/25/2021 15:25,Sample,4,16486,449,625,27126,94934,2441,11038,190,1762,663,1813,1353,126736,3273,8969,308121,20232,1310,457812,636,397,5665,359,604,490,2105,38989,554,155,751,344,2613,327,30118,6677,15189,873,1723,60,746,14402,617,443,4413,3025,337,769,1648,223152,385,3885,11053,1892,567,4790,328,2499,1804,10,173498,180,171015,1905,2706,12193,438,545,422,414,609,1063,772,23,771,197,33623,979078
H3,2/25/2021 16:01,Sample,5,14463,945,687,24791,69004,2477,7199,194,535,153,1738,2335,104215,1734,3268,240518,16954,1078,398802,347,329,3975,475,323,247,1082,38074,659,19,497,278,5362,312,498,3473,13981,538,1286,56,376,5573,262,125,7908,3527,239,989,1759,104831,233,1525,12600,726,389,1921,277,1255,1199,,558436,907,881051,3244,5902,51544,190,397,1741,1215,2751,6485,514,18,789,252,2231634,495396
H13,2/25/2021 16:47,Sample,6,8564,518,749,9438,41146,692,7420,209,2837,572,2084,2465,149629,1722,4151,144380,10795,1072,399450,403,452,3360,328,705,349,1377,33510,529,87,535,676,3383,602,29928,2366,9623,668,846,,352,5460,205,167,8547,2455,100,1226,1235,82782,204,981,7190,541,305,1945,786,1497,979,,320456,521,398010,2027,4581,65963,128,3223,792,538,1572,2901,437,35,121,219,494262,191323
H4,2/25/2021 17:23,Sample,7,17694,664,443,32168,24780,2886,5387,171,7275,449,1013,1598,40561,4320,4995,183132,17055,540,360705,473,94,4250,201,410,205,1754,18049,591,10,187,298,3442,404,459,2196,11705,498,942,12,300,6120,521,100,3402,3150,207,181,1359,112008,195,1613,8848,876,281,2296,386,1402,868,,338170,243,401708,2944,1615,7279,1076,1547,760,487,640,2746,432,,1111,40,2039881,1076540
H14,2/25/2021 17:58,Sample,8,20485,1070,578,31953,41420,2721,5921,205,557,22,1911,1621,68565,824,5122,231112,13141,1269,418659,699,175,2873,355,348,340,652,25991,526,88,195,414,1542,271,29121,1334,7476,551,801,8,290,5323,238,133,4723,3129,76,609,804,124560,190,1622,5441,692,313,2118,2594,1513,1080,,325810,340,370242,2154,2538,20729,152,737,743,420,1050,2918,591,41,46,128,1223723,1284451
H5,2/25/2021 18:33,Sample,9,20527,818,3528,39718,65016,3814,19429,256,1188,1848,9528,2041,150829,1643,4887,514704,27619,1789,395534,925,719,6272,303,528,780,1310,61826,1249,198,1432,1129,1118,782,505,6508,22239,1473,1772,175,747,14178,431,597,4350,2669,316,480,2624,350327,423,4512,18338,3433,774,7563,235,3723,2607,55,404456,189,229584,1951,3800,20036,410,1399,558,603,652,1435,511,76,500,134,1068940,1268616
H15,2/25/2021 19:08,Sample,10,16530,1133,866,34619,19752,3242,4567,190,459,163,1218,2184,39400,643,2429,100006,10707,653,379549,888,122,2853,242,64,523,852,11236,327,62,98,250,1008,130,28944,1046,6205,244,359,42,161,3011,93,13,3089,2497,99,354,757,54286,83,1268,4930,453,141,1327,4092,835,574,7,416488,352,727096,3056,2374,14879,,203,1204,457,1126,6336,276,9,1277,19,1290065,920992
H6,2/25/2021 19:55,Sample,11,31189,1070,675,65077,55215,5535,23277,179,1792,275,511,2024,155097,511,1245,384387,21432,1211,395865,1136,686,3964,447,1788,594,891,35638,1361,79,1111,2310,1025,4038,685,3754,10507,711,1480,12,422,7981,203,368,12993,2953,58,684,1162,276601,344,1212,7829,2212,505,3428,73,1754,1810,,168912,,421777,3298,10926,12985,39,843,833,533,304,3080,374,48,83,71,125364,1674426
H16,2/25/2021 20:31,Sample,12,12902,1254,1025,11848,23248,907,9019,135,2203,510,1444,1243,57483,724,1845,129863,8431,1144,401056,277,202,1333,248,172,427,576,20105,387,86,262,345,1507,368,28810,1127,8497,440,824,,247,5301,100,143,6450,1459,47,88,1073,96904,168,1710,6788,1038,189,3016,97,1033,650,10,44176,28,7818,628,1113,6593,121,683,44,13,64,160,197,,897,80,27485,305770
H7,2/25/2021 21:06,Sample,13,6026,423,782,1659,98440,205,8997,197,1040,848,6693,1788,190861,2557,7844,406763,14610,885,414460,170,346,4377,1178,424,178,1744,48462,1033,215,651,568,3830,453,566,2739,20887,1024,1421,127,626,10940,347,266,17428,2395,313,691,2721,145074,421,2670,18395,646,605,1482,980,1588,1990,,1542254,3086,2858771,4556,7690,74042,240,399,9357,4096,9451,59575,597,54,847,400,2775626,1521523
H17,2/25/2021 21:41,Sample,14,16330,1313,1009,23117,65605,1938,13693,262,2774,1150,1186,2820,101495,1120,1610,173461,16614,2952,462554,390,613,2220,575,1456,459,900,19608,316,46,582,530,4280,968,32216,400,10092,316,1062,166,399,7439,178,244,8061,2791,127,182,1181,122008,194,3444,7822,1148,304,2565,122,935,1090,8,49369,116,28153,838,2336,7687,101,653,81,85,511,432,179,28,2008,76,16407,1258032
H8,2/25/2021 22:16,Sample,15,18879,522,667,37931,42937,3750,6479,224,292,560,404,1498,60694,1098,3421,229489,11884,1009,388192,814,246,3075,439,204,499,633,22578,860,81,437,167,832,185,27528,1192,10368,496,596,127,439,5874,99,149,4699,2085,69,86,1645,111203,222,2241,8571,647,311,2102,239,1370,1173,,108750,,94094,1509,1262,5996,213,1465,278,113,78,912,616,13,783,111,2366036,878701
H18,2/25/2021 23:03,Sample,16,7489,297,536,3686,29281,376,7003,168,1402,236,649,1253,46628,606,783,52362,10959,565,397462,231,158,916,452,1484,272,427,4980,272,16,207,647,613,1560,29320,780,6256,250,499,,216,3599,75,95,3814,1637,50,65,798,56832,111,791,4768,608,193,996,78,469,766,,7326,13,4543,707,1308,1173,82,349,52,,168,143,161,,8,82,4221,559370
H9,2/25/2021 23:38,Sample,17,9600,893,670,8641,50207,1073,17465,198,2222,1058,4312,1320,99144,1797,3861,343888,13309,1071,340351,375,429,3489,354,274,414,1157,39379,986,131,691,746,2110,596,27050,5012,24664,1204,1283,82,764,8649,309,396,4083,2789,275,427,3894,212499,403,3263,22956,921,552,3516,383,3416,1795,22,159733,5,60523,1369,1852,5729,103,1034,171,144,111,663,271,70,287,117,6559,1587474
H19,2/26/2021 0:14,Sample,18,33828,598,464,56363,100239,4754,10750,183,711,668,1178,4001,128519,1841,4522,478440,29812,876,483497,743,223,5118,917,1952,390,1296,43336,986,117,477,674,713,454,28399,4912,19374,1146,1453,67,751,17318,475,431,8496,2887,324,861,2157,172103,429,2147,14479,1626,618,4019,740,1714,2182,,484311,369,381252,1850,6445,47508,365,2806,734,439,1047,2846,1206,8,985,219,1138467,1051133
H10,2/26/2021 0:49,Sample,19,6307,646,538,2748,52414,274,6658,150,904,161,357,1656,56028,443,697,178833,6472,1981,392745,166,488,999,752,697,212,495,12429,291,19,494,275,1062,393,27451,1828,4210,173,1369,,325,4125,105,93,5646,2816,12,81,421,90361,146,2221,2404,788,236,996,134,880,789,13,19170,13,76225,2443,1599,2524,,217,237,54,26,1075,173,79,656,77,41437,784165
H20,2/26/2021 1:24,Sample,20,27409,980,449,57708,49760,4800,6749,191,782,67,815,2638,52655,1123,2698,281575,14325,1703,444946,704,186,3379,605,618,241,1220,18438,404,74,259,262,628,342,26190,1356,7711,404,833,45,403,7067,241,143,4188,1848,112,730,882,116164,212,2357,5466,679,286,1431,824,1376,948,29,355424,438,388028,2056,4048,34012,110,1991,679,325,1229,3262,694,72,185,234,222484,698336
H22,3/1/2021 16:43,Sample,1,47616,541,478,97758,59900,8783,5150,142,401,75,1210,1431,46715,1201,3311,159043,8760,801,372273,973,224,2492,271,335,163,951,16764,367,22,337,79,1734,99,1053,948,6460,164,534,141,249,5765,137,62,2456,2785,149,395,1099,75609,134,1285,5901,525,175,946,1427,748,682,7,324538,809,550335,1529,1525,20168,352,164,939,807,2587,2962,381,,35,116,1528247,107994
H32,3/1/2021 17:18,Sample,2,10516,214,505,10953,8846,1548,1861,126,183,,399,1182,6293,222,169,5529,849,149,331886,513,51,270,74,9,269,52,1716,28,,61,18,551,55,983,136,801,17,97,,10,391,,,45,1600,,32,104,9737,8,171,544,27,12,293,71,71,18,,4757,8,3878,386,107,666,13,12,17,7,141,91,10,,324,9,11275,19842
H23,3/1/2021 17:53,Sample,3,34248,1051,432,61033,124052,7001,12585,130,6575,167,298,1709,73428,1909,5912,254790,19578,1341,371271,870,508,4078,527,209,224,686,66818,774,82,771,234,2008,279,1164,4328,13897,410,1318,83,707,7545,472,352,4920,2113,249,766,2288,168063,311,1776,13512,1277,447,5042,85,1058,1524,8,131814,60,60885,693,1907,8878,680,869,163,158,372,515,378,107,50,149,3820,304376
H33,3/1/2021 18:28,Sample,4,30687,863,433,62085,98800,6858,9920,180,3456,167,4411,1415,70887,4275,5305,241854,15559,955,404964,1022,411,3849,429,197,203,1449,37006,690,83,690,520,5024,632,1165,5399,14619,744,1194,54,381,8735,427,277,3690,2552,222,1977,2459,149770,339,1266,14084,1002,462,4245,509,1458,1594,16,324183,477,359384,797,5272,20665,362,1056,698,653,1594,1972,392,68,753,139,90983,990441
H24,3/1/2021 19:04,Sample,5,27678,422,491,59757,54301,5984,6063,177,2009,659,982,1766,55148,2058,3479,177271,9431,1314,394403,893,228,2103,330,75,148,453,19296,354,9,288,76,1341,74,1165,1166,4917,118,531,83,312,5710,232,73,3403,1570,95,164,676,83403,134,1919,3902,320,212,1426,413,564,866,7,265456,333,384764,1727,1132,13946,250,160,614,461,1087,2512,469,,393,110,3072440,294759
H34,3/1/2021 19:51,Sample,6,41774,838,441,89800,47534,8782,8307,186,832,34,1290,1244,54801,1026,2091,140438,9344,715,398481,1658,449,2312,326,223,252,839,25403,600,46,459,214,5378,293,1314,2537,8272,365,942,70,345,6337,146,148,2346,1487,119,444,1273,116898,219,920,7072,644,280,3257,552,1015,1066,,266771,190,393058,1321,2053,10811,112,72,707,480,613,2543,192,54,52,79,286829,797061
H25,3/1/2021 20:26,Sample,7,25076,917,552,65473,103437,6253,10802,208,1229,408,501,2219,79085,3086,7934,485812,29892,880,444748,1363,227,5880,665,579,164,1792,37664,766,96,361,174,817,274,1256,4320,15888,466,1157,90,637,16207,677,234,6496,1519,545,549,2191,211385,345,1820,14423,1508,493,4844,1065,1472,1733,16,1069285,1564,1961317,2380,3270,15894,1317,767,4449,3455,5139,16773,959,68,269,123,2980631,383946
H35,3/1/2021 21:01,Sample,8,32318,739,520,66679,84220,6702,12016,176,1075,171,1242,1370,86262,6236,6551,240745,15725,1164,410912,1174,298,2901,551,134,227,771,49404,583,99,492,341,628,374,1292,3227,9896,458,1423,37,411,6497,513,413,6151,2185,194,867,1633,200087,391,1652,9369,1398,666,3499,453,1424,2340,8,197651,243,271706,1355,2684,14811,772,331,491,417,738,1864,399,70,467,135,79128,1140128
H26,3/1/2021 21:36,Sample,9,28246,506,790,49699,82610,4251,8098,128,2156,,1583,1450,68832,1208,3603,234018,9830,1189,323715,235,491,2825,635,458,167,878,43236,546,8,625,191,654,327,1265,3539,7641,200,711,34,169,6832,215,92,4638,1544,41,659,932,72066,212,692,5714,366,243,2758,314,800,981,5,226118,283,360423,1298,2467,10626,107,223,649,332,955,2842,303,96,604,124,1729707,503860
H36,3/1/2021 22:11,Sample,10,16511,343,492,40382,76215,4520,9137,171,19320,11,2178,1242,64209,5981,10257,355947,29810,1243,381809,999,530,5925,859,292,265,2166,50293,895,124,785,467,782,600,1266,4576,10636,499,1846,26,409,10779,1025,291,6838,2188,111,750,1119,122173,331,805,7657,874,418,6202,970,1239,1595,,501493,466,886553,1363,4168,13505,1156,285,1472,688,1455,6839,696,21,647,88,140895,1058132
H27,3/1/2021 22:58,Sample,11,22339,469,567,47147,39993,4703,10013,168,2119,23,505,1221,46659,918,997,179383,13654,1005,373816,676,359,1962,395,223,195,933,23784,287,44,611,243,727,462,1281,2103,5205,108,1333,42,152,5646,367,107,3089,1424,29,123,678,81422,113,598,3566,475,190,3144,62,666,740,,51584,58,90114,1176,1403,2417,404,357,230,116,246,1020,71,134,,31,20947,539257
H37,3/1/2021 23:34,Sample,12,37078,614,583,84374,72421,7903,11828,116,823,282,5318,1530,82442,2020,2853,81395,10024,876,411809,1360,478,2086,620,160,163,318,37758,693,63,471,550,1023,613,1290,3507,10000,444,1413,29,306,4728,264,259,8492,2187,136,940,1640,169020,334,1122,9680,776,471,3558,196,1037,1778,,321660,346,440921,1575,3092,21242,301,140,745,444,1127,3107,225,52,209,124,754786,889942
H28,3/2/2021 0:09,Sample,13,6678,898,538,1655,52437,271,12354,181,6439,8,1606,1586,48234,3644,2901,246289,18854,1939,375666,89,692,1811,547,329,130,1237,41739,282,72,1230,406,2468,670,1282,2368,10371,140,2028,96,235,7709,463,354,6428,1957,50,100,1349,103474,468,1323,8486,391,562,3055,69,615,2067,,148428,79,254409,1356,1888,11523,700,120,432,199,36,2078,130,185,664,73,19450,152095
H38,3/2/2021 0:44,Sample,14,9455,455,402,4404,44584,552,21361,126,1086,26,2775,1377,95638,868,614,165578,7294,854,356912,88,350,1378,436,179,141,718,32123,441,79,663,1023,534,2051,1171,3270,12516,430,2050,67,282,9585,425,413,10860,1855,89,302,1785,166501,419,864,10420,817,616,3043,100,533,2348,,54522,46,43682,571,1886,4742,215,120,101,68,73,577,118,98,219,158,4372,785335
H29,3/2/2021 1:19,Sample,15,22374,856,479,50322,41153,5899,6104,227,788,11,318,1172,40568,1519,2234,156229,7363,1226,367641,952,267,1702,528,140,185,489,22444,298,32,279,56,622,96,1164,471,6351,177,489,83,193,4809,152,135,4840,2351,67,166,887,72326,268,1458,5562,388,283,1293,487,851,1120,,109721,66,117904,739,1700,19845,368,45,273,80,298,1242,74,46,588,131,68955,365362
H39,3/2/2021 2:06,Sample,16,6546,832,355,4367,49068,491,7678,184,6438,13,2179,1181,43156,1076,5074,115595,9222,1183,305028,112,412,1778,857,703,144,118,18150,534,81,715,339,487,498,1113,2111,7939,368,514,41,248,5210,369,69,2547,1231,88,378,1041,59552,104,763,6452,373,185,3419,929,1101,596,13,656889,552,1064931,1715,2907,16985,471,577,1550,333,1710,9703,355,84,8,42,1768639,652724
H30,3/2/2021 2:41,Sample,17,28883,906,463,45451,101966,5010,14243,236,3632,210,1052,1449,112555,1201,3857,340681,21544,1148,390600,977,363,2576,813,998,180,1571,52136,494,120,1007,630,677,685,1318,2098,8576,265,1293,60,593,10279,451,375,5413,1443,43,185,1133,302693,365,1541,6133,1680,533,6755,327,1208,2034,39,370129,108,445505,1099,3510,22893,584,331,786,543,392,2991,298,89,,186,569830,1177101
H40,3/2/2021 3:17,Sample,18,33279,758,396,90155,69936,8414,9922,155,526,20,2668,2339,70470,1223,5402,254714,16529,971,381400,1726,397,3111,916,267,184,1426,35260,775,73,603,376,693,286,1277,2662,10984,692,1052,94,366,8525,195,205,5288,1617,193,141,1513,142576,321,1073,9947,970,459,3258,373,1080,1681,,540591,99,740238,1655,3166,25062,182,529,1121,495,303,6191,546,91,787,154,3375980,705545
H31,3/2/2021 3:52,Sample,19,55678,1062,602,140113,123292,13452,10650,269,3650,8,577,1465,85900,5210,11069,512339,19985,1700,401949,2061,444,5228,1937,414,44,1968,53849,1145,136,623,369,1879,396,1244,3211,11087,328,1528,91,228,10985,635,118,8110,1673,230,364,1342,101269,248,1571,7457,456,343,3260,517,1103,1181,20,341212,169,401389,1192,2645,19118,623,1142,676,233,524,3389,778,30,374,191,3532422,509328
H41,3/2/2021 4:27,Sample,20,25599,512,439,68635,21672,7018,2401,264,563,23,656,1160,25172,566,1532,56061,3177,278,369299,1381,78,915,462,74,140,309,6380,182,,126,186,882,132,1199,712,2251,62,203,16,79,2147,83,,1030,1552,,164,256,23128,57,272,1437,105,77,456,285,332,330,,182163,383,356718,1932,771,6098,,109,458,40,1198,3332,106,,504,26,1207543,274759
H43,3/3/2021 15:33,Sample,1,15687,580,869,41202,33973,4763,3165,109,1906,114,474,1536,32840,766,1315,136552,11611,845,377216,1762,231,1551,143,67,376,107,12232,99,10,267,75,1065,115,2013,1189,4945,159,617,25,228,4926,149,77,288,3432,54,74,661,67473,131,1305,3765,553,118,1640,94,649,478,9,69262,42,87961,1199,1032,6692,200,385,214,224,63,630,209,,23,141,621584,208210
H53,3/3/2021 16:08,Sample,2,18445,719,608,31371,23935,3719,14328,109,992,893,633,828,93487,520,573,220035,19974,780,426631,1066,179,1034,73,260,287,486,19145,445,16,238,868,939,1537,1721,2806,11344,571,1657,21,469,9257,117,319,1462,1927,173,66,1407,313929,222,1861,9951,2358,319,6476,76,1391,1026,5,2073,36,4015,300,888,260,70,365,86,12,125,58,383,38,136,49,5919,2119168
H44,3/3/2021 16:43,Sample,3,17501,661,597,30458,61394,3818,8596,126,4456,1000,3046,1272,83735,919,2929,322995,20780,1212,399651,1093,410,3158,195,242,348,1629,46490,478,83,601,356,841,259,2207,4880,15797,668,1734,53,677,11559,344,382,1349,1548,224,359,2157,365606,281,2134,13996,2080,377,6652,39,2467,1284,54,203390,109,177354,1525,1971,6352,401,885,312,461,376,810,259,63,962,131,180950,1572967
H54,3/3/2021 17:18,Sample,4,27541,380,801,48894,26740,5216,11862,130,1236,260,575,1056,99284,500,820,132123,8121,568,402596,487,376,788,192,533,206,490,10018,416,9,543,1222,602,2247,2430,2057,10494,394,942,15,393,4377,80,65,2278,1344,57,628,1385,71196,149,866,10362,777,193,1564,1487,1139,654,,537285,1114,1088848,2482,7253,14455,,269,1801,1253,3128,6775,563,32,348,,1754143,1173734
H45,3/3/2021 17:54,Sample,5,12094,960,746,17191,67040,2267,8305,132,3049,526,1620,1367,72999,1395,3311,214047,17842,1021,421059,714,441,2894,289,178,318,1794,35235,376,42,552,264,794,320,2322,5151,15811,752,1949,40,565,7814,376,309,1260,1921,155,1380,2287,271085,230,2087,14263,1521,361,4529,456,1502,1157,10,280023,483,390177,1972,3092,13482,561,1434,827,778,1508,1913,364,204,915,120,468952,784302
H55,3/3/2021 18:40,Sample,6,22220,803,795,37788,52467,4349,5946,128,3639,553,1045,930,71809,2459,3183,157239,13974,887,444524,820,396,3599,291,195,311,740,34982,496,20,490,224,2260,351,3032,4772,14508,291,1086,46,573,7127,303,188,683,1525,153,628,2121,233506,236,1650,13845,1907,319,4180,562,1971,1031,12,222712,200,402237,2094,2427,5739,197,1465,738,695,697,2127,456,52,40,,384928,870695
H46,3/3/2021 19:16,Sample,7,32407,190,992,68970,38904,6945,10688,275,1076,1024,3458,1585,45441,618,777,233145,7945,925,410442,1323,749,1178,185,575,252,704,18281,409,,1265,1071,634,1570,2109,3291,8410,561,1103,188,385,5506,57,115,744,1569,74,322,1280,315824,134,1390,7875,971,222,6268,1091,1635,738,15,432302,759,864270,2268,2261,2897,117,415,1584,1386,2256,4401,307,50,523,,1440514,1884228
H56,3/3/2021 19:51,Sample,8,13443,596,747,19728,64950,2384,8495,164,2581,274,740,942,73080,1093,1797,113217,9708,995,409674,540,455,1476,395,286,293,839,22864,952,40,604,324,3302,523,2584,725,13459,491,1424,52,389,5850,223,250,1471,2172,312,316,2024,198316,229,1335,12991,1007,265,3137,315,1636,920,,90810,69,13097,183,2302,13651,193,1475,74,55,150,159,316,283,77,107,7360,41146
H47,3/3/2021 20:26,Sample,9,20381,892,759,58887,103509,6160,7534,162,1773,844,1960,1292,99104,2421,6956,308040,29463,720,417390,1432,338,3797,735,228,232,712,41331,738,52,460,236,914,311,1961,5208,12405,702,1580,55,605,11262,382,231,2708,1416,161,480,1339,193568,316,1409,9492,984,409,3926,1071,1772,1498,,970990,1956,1629626,2307,4417,18095,395,1251,3058,2193,5524,12004,602,53,677,238,3875356,494386
H57,3/3/2021 21:01,Sample,10,46587,655,729,95409,80560,10178,10137,226,9238,917,746,1142,126380,5427,6669,124086,19321,1397,434387,1475,516,5014,533,227,260,1102,56529,562,82,736,395,806,490,2670,7547,25377,535,1903,21,802,12082,529,400,3144,1967,328,465,3377,227036,330,2136,24457,2040,527,6646,1516,1731,1766,0,355922,369,600662,2252,3064,12070,789,624,1119,938,1115,3383,701,86,841,36,1000828,263793
H48,3/3/2021 21:48,Sample,11,22061,613,1118,34353,87058,3811,6875,152,4756,297,1938,1266,86865,3155,4579,253630,21816,1066,430295,760,489,4718,625,188,237,1176,31097,625,31,655,363,802,402,2545,5567,13618,475,1657,65,595,9958,419,289,1220,1968,232,1247,1810,157044,196,1369,10100,1027,278,4742,674,2135,1169,,190741,250,234359,1097,3555,15310,458,357,436,333,832,1602,552,53,53,124,18526,362699
H58,3/3/2021 22:23,Sample,12,41756,683,576,93811,63563,9938,6680,184,4097,657,694,1228,77995,3116,7267,300968,24044,943,415311,1318,369,4978,518,183,231,1245,34626,862,183,420,331,761,423,2716,4244,15380,452,1243,53,738,10421,735,272,1530,1432,324,627,2105,287517,275,2187,14897,2531,393,5316,470,2560,1386,,416794,497,707783,2318,3170,8185,880,586,1260,909,1525,4385,631,67,626,99,2024342,751639
H49,3/3/2021 22:59,Sample,13,13638,664,748,26066,48933,3081,16459,150,4080,46,4093,1032,99891,1245,2671,187470,12768,1321,432924,572,733,2916,582,145,217,804,40418,649,46,1022,604,3692,879,2548,3834,15376,815,1467,75,322,5499,214,162,3040,1481,144,592,2042,200584,228,713,13012,915,354,3407,403,1729,1038,,843770,780,1262699,2204,4443,53695,293,774,2116,921,2115,10077,273,180,859,216,2448817,382121
H59,3/3/2021 23:34,Sample,14,24629,604,579,48620,47410,5579,7684,217,8149,47,465,1029,73252,4948,4766,137573,14041,883,407527,1051,457,3920,638,96,313,526,48206,765,49,654,553,733,783,2661,4550,15432,312,1416,59,365,6917,553,161,2190,2015,182,865,1834,179446,253,988,13824,1126,310,5630,1826,1458,1113,,296060,217,425024,1598,3331,8283,564,389,733,325,657,3331,558,80,632,105,3374888,841145
H50,3/4/2021 0:09,Sample,15,7653,795,681,12230,124474,1300,8253,179,11533,1129,1931,1184,106241,2762,6076,347226,21748,1010,415961,499,368,5242,999,356,211,1550,53055,1537,96,625,287,866,245,2636,4552,15431,679,1706,62,601,8716,604,297,2200,1611,277,492,2048,284726,265,1858,12498,1486,420,6745,428,2434,1445,,1013367,1234,1896882,2806,3675,11185,836,3099,3983,2712,3892,17050,542,67,457,198,2789400,1272159
H60,3/4/2021 0:56,Sample,16,16821,696,654,32722,43216,3761,5412,175,7630,584,397,1361,90040,3706,3102,76172,8980,647,427401,612,340,3256,446,135,283,766,30067,449,32,452,118,3350,243,2711,2949,14514,240,869,,470,4373,346,173,1018,2125,188,753,2412,159052,214,1001,14399,1077,292,3047,4617,929,1041,,834485,2186,1704197,2562,2452,14179,447,243,3329,1511,6218,16385,360,79,45,42,1908805,385226
H51,3/4/2021 1:31,Sample,17,43847,594,636,87496,65013,8857,4808,163,1365,125,2204,1163,45478,2340,4755,259631,16332,1016,432420,1205,361,3063,822,252,227,800,23737,634,23,443,328,838,304,2386,2768,6495,460,958,37,256,7262,499,134,1215,1712,39,688,651,125469,174,1168,3848,585,211,3836,1095,1567,834,,688412,962,1274464,2220,3510,21196,605,513,2081,768,2457,11042,741,24,413,143,745012,603518
H61,3/4/2021 2:06,Sample,18,31688,579,614,74351,28124,7766,6163,168,2372,47,574,1224,57881,545,1394,162947,7035,1038,413492,1306,664,1326,400,267,235,568,24286,1069,16,652,121,802,164,2394,2357,11107,427,903,50,265,6194,89,43,1926,1626,137,126,1395,105594,133,720,9319,597,183,3038,457,1300,772,13,242268,292,409636,1724,1487,5243,,645,796,191,774,3392,338,74,45,25,1653029,521110
H52,3/4/2021 2:42,Sample,19,33815,247,745,59086,104659,6687,10497,135,5034,1316,4045,1507,141387,3478,6455,259166,21787,1350,423487,1121,465,5005,720,170,274,1202,49139,848,131,708,385,3736,470,2842,7405,23113,782,2219,86,914,15535,211,550,2434,1796,561,756,3306,365746,395,2926,21101,2147,617,7612,484,4555,2100,,517394,287,565858,1810,4100,26072,191,1267,1038,739,870,3605,494,170,748,174,194242,1030875
H62,3/4/2021 3:17,Sample,20,35063,692,592,91738,51412,9416,5467,177,4115,176,422,1015,59909,2907,3671,95622,10089,800,413273,1741,267,2609,780,151,223,799,22378,549,38,345,197,783,260,2487,2049,11368,233,858,41,294,4445,275,103,1726,1693,140,423,1589,92934,115,1065,10859,754,249,2466,310,990,787,9,317954,334,481608,1880,2055,15276,238,178,793,225,892,3999,269,87,1062,65,1484380,722974
H64,3/9/2021 17:12,Sample,1,21413,769,576,33808,59640,3608,6034,141,3971,406,476,2103,81229,2712,5993,266491,17717,785,351872,847,368,3701,179,223,372,1171,36492,335,41,521,421,732,527,5020,2908,11345,442,1065,26,433,8995,291,347,923,1631,241,171,980,149835,173,1993,7624,1086,241,4712,374,1073,976,12,122877,52,159027,1225,1767,8119,225,2349,400,404,132,864,501,55,13,71,22470,1117803
H74,3/9/2021 17:47,Sample,2,13949,766,490,27900,47276,2983,5932,224,9622,871,2598,3139,58122,3682,6183,211945,23244,819,339121,152,264,4539,129,57,258,1966,34288,150,23,397,404,1015,503,5648,3532,11985,410,1117,61,577,8097,580,227,199,1603,244,316,1237,402740,152,4655,9289,2293,278,7654,541,4835,815,,1145553,1821,2021690,2353,2302,5469,1426,244,4473,5290,4646,10296,589,7,598,54,3070746,1734634
H65,3/9/2021 18:23,Sample,3,14914,540,909,18123,65417,2483,7748,186,7309,503,2034,2702,75447,3426,5516,326046,20746,979,378264,536,376,4829,213,203,296,1316,59878,424,56,505,476,1209,547,6491,3228,13418,488,1197,48,658,6739,305,357,1470,2428,294,249,1467,217530,234,1664,10197,1006,277,6856,385,2001,1024,12,243360,96,287197,1621,2528,8001,308,593,545,592,258,1448,437,47,50,103,62223,1283356
H75,3/9/2021 18:58,Sample,4,4763,532,485,619,57078,350,8615,166,8527,85,1149,4088,56968,5343,10829,348262,21260,932,326534,45,268,3881,302,144,295,1447,42423,484,125,356,501,690,530,5277,4204,13422,555,1449,73,521,10359,531,372,2263,1682,185,474,1410,130257,264,1329,8450,562,306,4304,272,1055,1071,6,225422,219,265791,1243,2435,7468,506,271,514,486,553,1559,673,33,567,96,254236,813127
H66,3/9/2021 19:33,Sample,5,5360,604,590,5062,54270,1063,6047,233,1535,447,502,2093,71541,1347,4367,226241,14478,902,381484,369,306,3704,319,255,381,950,30494,504,20,407,356,871,509,6535,2546,8694,556,897,48,522,6528,149,386,2323,2395,230,192,993,127825,272,1562,6545,982,286,3524,522,1267,1006,15,314108,328,542875,2197,1704,12480,,583,897,792,876,3025,419,33,94,70,418300,991289
H76,3/9/2021 20:20,Sample,6,26632,627,564,53787,56855,5683,7099,186,1959,851,1774,3413,69554,3831,6489,142469,22478,732,391933,980,243,4548,255,343,199,1735,30673,430,29,264,401,972,299,7063,3839,18464,881,1374,45,901,7277,321,359,1306,2207,378,711,2826,246298,248,2659,15750,3114,431,5237,247,2952,1366,45,438095,483,487176,2054,2498,16699,322,699,844,985,1182,2359,702,37,,63,1136117,636581
H67,3/9/2021 20:55,Sample,7,7554,750,437,12596,66218,1726,6050,150,707,51,393,1549,46825,1155,8815,304225,14314,668,355292,285,205,3350,524,98,209,1512,20181,625,11,275,148,4157,,6369,1947,10518,538,671,8,349,8058,316,224,1812,2262,224,105,1126,91140,187,1014,6950,582,240,3085,414,879,944,,417829,457,770158,1777,1435,7142,438,475,1256,826,1100,4941,714,7,375,82,1419726,663273
H77,3/9/2021 21:30,Sample,8,17893,584,473,46164,46613,5176,3945,136,1525,380,932,1745,45878,1482,4079,142878,13587,615,372499,1187,161,2765,295,70,245,1311,16815,295,,168,187,4991,,6969,1470,7457,379,641,39,377,5231,284,175,1662,2121,150,222,1057,83199,176,1536,5600,616,215,2447,189,635,839,7,334301,337,521007,2096,1322,10489,377,562,919,681,919,3052,256,,284,75,982723,602541
H68,3/9/2021 22:06,Sample,9,31667,686,519,54982,82702,6077,10207,229,11345,1230,634,1905,112672,7637,10302,509660,30377,1213,425981,882,319,6643,290,596,280,2266,63762,605,28,607,292,1036,497,7551,4509,16686,614,1863,60,1121,13259,55,628,2356,1996,327,100,2258,388776,437,2808,12353,2428,653,8311,172,2344,2225,23,230910,187,276642,1703,1703,5049,469,5071,607,705,530,1409,298,66,564,79,644463,1635130
H78,3/9/2021 22:41,Sample,10,4079,677,485,78,2223,292,526,195,112,,178,1089,3059,97,105,739,567,16,330916,,8,175,9,,266,25,162,,,,,925,,4927,15,237,13,23,,8,61,,,89,1897,,,,747,,,32,,,36,,,,,487,,310,77,,14,,,,19,11,,14,,754,,1418,2406
H69,3/9/2021 23:28,Sample,11,17518,434,346,32223,61614,3914,6432,136,3928,490,1325,1272,55820,3051,7352,370782,17342,684,361823,830,344,3977,366,98,344,1499,28018,429,14,522,201,1296,,6444,2610,10080,333,923,99,730,9789,314,349,1217,2282,286,210,1256,180167,232,1784,6904,856,337,5517,593,1749,1193,,243315,203,356197,1945,1725,6996,305,674,689,564,602,2205,605,,40,,417155,1057307
H79,3/10/2021 0:03,Sample,12,8027,684,484,13144,62771,1735,12355,267,2576,681,3267,1787,82532,1189,1579,329858,16404,1377,380922,347,702,2652,502,400,187,1631,28692,526,10,986,889,721,918,6834,3473,6961,433,944,44,588,8774,440,269,3000,1436,39,710,655,255631,206,771,3742,2055,274,3290,994,1457,1072,,932099,942,1502915,2646,3687,11872,506,321,2555,1736,2245,10715,186,43,496,43,2281583,1855674
H70,3/10/2021 0:38,Sample,13,7986,560,487,14741,58054,1986,6695,166,5188,91,1422,1446,48823,3053,5001,264404,10548,530,385154,203,211,2861,578,139,182,1312,29600,596,10,270,239,823,115,7033,2849,10281,380,952,18,392,8558,250,212,2439,1839,112,173,1051,101245,235,1025,6020,484,297,3827,675,833,986,,489751,618,830228,2240,1057,5496,327,599,1292,618,1436,5909,478,21,1000,39,1662642,738569
H80,3/10/2021 1:14,Sample,14,43327,199,612,92254,58193,10492,6000,231,2177,15,1249,1935,45038,3607,10748,306342,19297,929,375610,1374,351,3267,626,276,175,1708,26210,569,32,520,467,789,337,7132,2093,9571,556,779,42,332,8279,509,208,1838,2259,150,79,982,93125,191,1017,5559,416,281,3436,533,800,1205,,237270,,267188,1536,1702,5597,730,915,502,268,194,2146,864,31,262,71,3260476,1219862
H71,3/10/2021 1:49,Sample,15,14886,613,422,40332,72823,4437,7677,161,4119,35,1513,2155,70419,1474,9140,353545,14425,927,419441,729,370,3707,1013,131,171,1539,35807,589,35,373,97,977,144,7366,2155,10099,297,851,104,305,10376,378,129,3413,2330,110,82,889,86083,195,1121,5335,405,252,3590,3345,734,1034,11,660655,390,1073850,2158,2292,20666,446,324,1653,589,1042,8948,689,20,210,106,3344163,979326
H81,3/10/2021 2:36,Sample,16,9489,637,549,12201,78634,1882,9248,207,2574,1108,2569,2520,130803,3887,6281,150054,22174,891,400386,662,362,5835,337,259,285,1939,64066,632,46,624,630,1028,583,8418,8451,24737,1482,1869,76,1164,8309,427,661,742,2487,384,912,3563,374230,466,2550,18637,2205,604,6280,156,3818,2174,,127704,111,135790,1696,2016,4433,451,1853,373,393,467,957,579,80,44,75,34580,957693
H72,3/10/2021 3:11,Sample,17,14558,814,489,18138,58377,2336,5301,181,2913,351,335,1282,46973,1614,4836,221459,14373,775,379091,599,260,3405,544,95,275,1252,26749,496,20,413,193,785,,7158,2229,9225,346,777,40,477,5551,229,279,1512,2400,231,271,1203,117619,127,1545,6520,816,236,3194,804,1300,928,,70779,68,71699,1413,1166,4547,436,805,217,109,353,815,304,32,1020,69,22116,366138
H82,3/10/2021 3:46,Sample,18,7746,797,411,7746,65641,1171,6443,146,7194,248,1086,2648,65525,3128,6175,264350,13798,457,391557,231,375,2883,649,73,161,1519,23471,352,16,515,154,787,174,6864,1931,9784,335,671,28,587,5378,246,346,1813,1613,173,176,1166,110745,258,1574,7310,461,304,3118,142,737,1132,,73357,83,100987,1285,1205,4744,399,605,229,139,192,1041,397,12,644,94,59733,406242
H73,3/10/2021 4:21,Sample,19,8783,550,465,11695,79556,1812,7627,158,6251,23,1249,1874,71287,3556,8512,400035,17255,638,362114,280,340,3980,1004,78,238,1333,24986,559,18,420,113,1842,118,6411,3149,11424,359,972,83,427,10778,539,233,3482,2393,107,163,1199,115787,271,910,6852,462,347,3476,1053,743,1287,,1289863,1319,2479163,2708,1457,14054,920,287,4865,1866,2907,32270,553,,631,113,1573149,877430
H83,3/10/2021 4:57,Sample,20,18425,644,541,32038,58651,3707,6548,203,2740,357,2356,3463,71016,2140,6275,213922,19044,749,380843,941,437,4140,635,234,219,2011,32445,534,5,572,418,1160,401,6973,1829,14216,659,959,56,520,5010,265,370,2440,2406,315,332,1835,162261,262,1545,11215,1216,319,4096,237,1807,1253,15,233450,95,206847,1823,2065,10483,263,1584,346,227,303,1682,429,54,448,80,97887,672305
H85,3/11/2021 2:31,Sample,1,16220,710,397,21927,32284,3010,6934,258,3233,477,970,1642,39454,1312,2912,166099,12252,564,336162,150,186,2353,200,255,265,884,21356,326,38,280,85,567,155,3440,3026,10754,307,706,41,686,4053,254,132,416,789,189,329,1339,274429,185,1933,7929,1546,201,3897,444,1244,720,,474232,609,745649,1422,1678,3740,303,739,1054,896,1413,3756,345,27,9,83,2050262,793715
H95,3/11/2021 3:06,Sample,2,19912,213,479,27879,44581,3397,12041,289,2808,1557,688,3433,83942,3901,6807,79671,18306,741,358860,217,188,4616,224,416,207,1651,46294,521,101,401,214,566,430,3824,3941,23824,459,1518,43,936,4777,408,370,2364,1001,324,1903,2979,280920,334,2634,15977,1677,435,4539,187,1220,1588,,590484,1294,937887,1488,4970,29438,480,1367,1709,1524,2765,4501,755,8,334,204,647634,1316182
H86,3/11/2021 3:42,Sample,3,9509,492,513,5837,47291,518,8422,134,6765,539,1196,2055,54203,2440,2316,171041,11756,582,347526,90,602,2543,224,155,158,1085,29248,437,70,824,141,718,317,3693,4640,15075,292,1069,63,1070,4704,431,232,319,624,220,2187,1932,533012,200,2804,10308,1338,368,4438,174,2122,1202,8,260868,644,339696,808,2805,5520,732,908,662,812,1862,1768,471,,803,228,19415,1210180
H96,3/11/2021 4:17,Sample,4,10979,649,457,7309,43343,753,10979,154,5139,1135,1057,2053,66161,1818,5813,121198,13640,626,368511,91,236,3412,272,219,237,1124,36902,531,89,379,202,649,303,3808,5276,26447,410,1399,21,839,6890,409,320,1577,886,375,436,2860,254955,271,1825,16151,1591,345,5006,342,1536,1356,,320112,271,446671,1208,2425,10616,560,2150,772,672,610,2381,627,115,220,129,229815,643563
H87,3/11/2021 4:52,Sample,5,8423,731,406,4329,77940,475,11017,188,1417,775,961,1269,100600,2726,3770,180473,19329,1009,376360,93,344,4341,655,578,230,2146,43932,662,106,545,185,723,323,3739,4455,21518,500,1495,58,914,7485,511,358,2126,1161,281,2353,1918,279576,346,2231,12400,1345,413,5307,279,1258,1413,15,305402,1161,394734,951,3088,15888,497,1877,644,459,2688,2430,487,90,455,142,367892,501913
H97,3/11/2021 5:39,Sample,6,8263,246,493,2428,30303,343,9705,215,794,1580,694,1828,74197,629,2861,379089,19438,609,375466,,162,3447,191,758,306,1156,35555,530,103,294,222,549,257,3624,3419,23731,553,1015,8,820,8221,233,294,2715,1110,304,195,2738,213013,264,2380,12909,1281,345,6015,235,1654,1174,14,54617,72,38581,432,1630,3677,275,3458,185,144,80,471,943,35,24,143,14678,70652
H88,3/11/2021 6:14,Sample,7,15301,887,344,16051,26825,2165,4374,230,8487,522,609,1538,60691,3227,4721,204753,16063,869,333819,40,305,3197,8519,195,144,1709,37904,548,13,382,153,521,300,2244,4793,53330,832,1332,48,286,2357,347,93,336,834,224,62,,229700,67,1087,37,844,212,4613,237,1006,677,8,338840,99,491552,333,1810,4192,304,1094,229,140,239,3566,658,,808,104,3123386,1722903
H98,3/11/2021 6:50,Sample,8,5919,928,535,2752,30365,278,4158,219,6465,152,1306,9475,18481,12160,5042,35046,19949,982,292996,71,185,4329,410,212,244,1391,9294,394,8,161,77,2518,66,4429,2653,11646,250,596,73,566,3670,1241,27,2317,712,125,505,737,36122,158,927,3556,199,127,996,1458,547,501,280,178562,353,317439,1265,2694,7192,519,564,455,111,965,2550,673,70,433,82,242771,244463
H89,3/11/2021 7:25,Sample,9,15208,702,471,16463,53861,2479,11452,186,13618,1023,508,1267,79189,5858,5824,491874,28914,1245,398595,99,550,6450,304,414,224,3001,37955,545,102,1079,144,660,289,4075,5647,26743,572,1421,31,1327,7095,1693,415,245,1049,586,1049,3055,802240,377,4796,18313,2984,551,7212,235,3112,1894,18,554061,713,622366,1075,3312,13505,2692,1247,1134,1170,1646,3152,786,106,449,206,1150770,143591
H99,3/11/2021 8:00,Sample,10,15264,714,423,7480,35155,1372,8151,172,4704,1455,1140,2455,48350,2285,2283,115027,8144,495,370205,,604,2577,204,247,234,687,24731,329,60,878,207,534,393,3950,4950,15867,325,870,78,727,5518,398,235,746,773,211,698,1943,252030,146,2067,8924,1289,273,3860,186,1774,1004,42,216248,330,146659,866,1892,10500,340,737,294,268,729,988,393,36,170,72,5225,658499
H90,3/11/2021 8:47,Sample,11,21530,852,506,34531,43692,4004,7844,212,2577,1198,911,1375,73306,621,3684,180986,13832,522,390394,275,132,2289,375,358,200,931,34527,451,54,143,357,617,266,4260,2325,13917,490,847,17,494,6977,125,130,4651,1397,109,137,1484,108378,196,1635,7669,681,251,3219,734,595,1064,5,258574,66,136563,112,2629,36167,180,2477,272,132,72,1238,411,41,98,216,2569740,713503
H100,3/11/2021 9:22,Sample,12,9359,718,581,4557,38374,1126,11919,190,11299,1401,813,2485,112230,6763,4839,109083,19443,727,390207,103,199,4648,248,272,269,1357,55264,493,38,340,238,564,351,4406,4660,31501,508,1607,37,907,4975,535,342,3670,810,344,1280,4295,233496,336,2130,18528,1373,460,5531,266,899,1659,51,93045,347,150303,1041,3095,6106,653,1650,408,275,776,1098,595,86,784,137,8779,227960
H91,3/11/2021 9:57,Sample,13,10882,689,420,8441,63661,1424,9835,179,514,535,1293,1318,66802,1092,3350,170850,15562,744,381148,93,295,2656,456,187,204,1084,26691,489,67,488,16,546,180,3924,4956,18554,581,1085,25,774,6515,204,308,1594,1144,247,186,2280,217776,300,2200,10336,998,326,3569,307,1677,1176,,287089,157,207223,932,1720,13578,259,1746,392,292,376,1487,323,56,747,139,159489,36613
H101,3/11/2021 10:33,Sample,14,15648,772,395,13500,58173,2133,11082,146,2305,1690,1519,1436,77255,2980,8130,171662,21966,611,390484,158,276,4180,324,555,237,1596,42547,722,104,441,175,793,278,4197,6502,31153,660,1731,46,968,11338,306,336,4169,890,388,646,3753,220092,368,2553,16237,1496,416,6600,302,1631,1584,,267265,405,239101,941,2639,15306,135,3063,471,428,893,1564,526,50,432,172,44668,56087
H92,3/11/2021 11:08,Sample,15,6141,644,417,2065,66517,286,11150,163,2914,1576,716,1436,87100,722,4493,242456,22061,582,387617,71,229,3777,822,803,217,1727,42892,573,50,263,80,562,214,3815,4989,19390,384,1222,12,831,9104,277,215,7168,1085,324,376,1833,181386,345,1794,10650,974,437,4990,2621,1777,1577,30,1035912,1035,1554956,1355,5049,62774,466,2247,2600,1092,1968,12620,465,40,650,152,3847030,1024056
H102,3/11/2021 11:55,Sample,16,9476,768,972,4569,56881,987,13454,204,5590,1325,1437,3299,93831,8725,8887,145191,18611,1352,430483,146,528,6004,373,313,227,1784,47215,792,85,882,323,770,394,5163,5908,31213,585,1729,40,991,7942,570,299,2897,977,420,1489,3829,219369,303,3090,16670,1506,440,4655,170,1448,1560,,189872,394,138770,946,2861,8984,652,1257,245,200,1077,1155,673,64,43,87,13821,663732
H93,3/11/2021 12:30,Sample,17,13880,616,456,15382,59020,2156,14546,186,3763,3101,1366,1347,109156,2483,5110,365922,21848,945,386031,245,249,4833,459,713,177,1909,53708,719,61,283,280,441,477,4180,6538,22301,460,2522,23,1137,11401,488,375,4937,822,263,1879,2084,239058,275,2865,11895,1628,436,6939,3273,1675,1558,,206648,826,277106,481,3632,10338,398,3677,582,322,1880,2043,824,50,889,103,540613,1490028
H103,3/11/2021 13:05,Sample,18,7210,777,629,3645,56207,176,14092,216,5051,4228,1160,2254,92077,4740,4011,72183,8786,724,397973,98,380,3454,654,371,183,976,64150,434,84,609,248,577,427,4467,6748,40787,595,1594,62,784,6618,436,373,7674,920,357,1157,4000,178678,378,1723,24570,1022,554,6886,1334,1114,1822,,1065362,2038,1924113,1415,2664,30851,352,879,3350,1750,4446,17611,622,57,1351,147,1554046,272396
H94,3/11/2021 13:41,Sample,19,12646,280,459,15999,85676,2369,12711,215,2442,1524,1265,1588,99345,1764,4984,222178,15436,1217,400670,191,533,3439,837,294,210,1308,52896,443,114,826,177,596,331,4231,6559,18389,334,2080,96,907,8925,348,352,2267,889,150,460,1704,339943,422,2083,11370,887,455,7853,588,1004,1650,,556616,664,848918,1131,2916,14159,358,1678,1381,803,1745,5918,336,53,883,175,2709799,388639
H104,3/11/2021 14:16,Sample,20,5534,733,303,856,16842,686,6369,272,1753,194,538,1276,20337,498,1030,91362,4840,475,375647,158,215,846,320,189,157,307,9523,181,11,171,162,430,222,4035,1210,8341,174,307,,256,2759,59,81,1319,625,63,213,981,68545,116,1007,4919,169,125,1336,245,415,509,,27507,58,44152,603,522,1931,32,267,88,45,125,636,,261,849,15,3537,259211
H106,3/12/2021 3:55,Sample,1,42341,992,419,111152,37014,10640,8867,317,2019,26,1056,768,23566,844,1143,93233,10313,594,355290,1342,190,2137,405,174,210,686,23878,454,110,394,467,578,541,1188,2939,9983,271,781,8,333,4949,285,82,500,639,91,696,1549,113494,129,470,8588,515,163,4341,658,968,683,13,289103,354,261097,555,1801,5520,119,1151,417,216,1225,1830,259,11,15,55,22008,610452
H116,3/12/2021 4:30,Sample,2,39436,1033,373,103707,18387,10152,7496,267,3889,9,683,1100,20100,1611,4157,49885,8940,548,343237,1283,193,1606,210,131,156,714,22268,572,93,328,277,557,490,1325,1757,10599,205,553,80,192,2523,376,94,485,429,124,440,1725,137572,160,1044,10887,797,188,1758,325,1330,772,,202007,134,248375,923,1716,3689,505,267,411,162,457,1917,302,83,52,107,55733,305689
H107,3/12/2021 5:05,Sample,3,7205,836,310,7674,111206,1103,16689,309,11472,1328,3794,686,70143,2963,9134,701541,38170,1159,411510,302,280,7377,570,252,130,2693,43915,718,244,561,476,782,294,1860,4774,15785,892,1397,116,1584,17549,880,395,310,815,471,249,2404,726041,420,5597,15450,4891,550,10625,439,4630,1918,,929684,1004,1438491,1404,3790,26447,1661,1330,2605,2745,2669,7255,782,,139,141,2376657,1890783
H117,3/12/2021 5:40,Sample,4,17604,409,463,41959,27533,4615,9357,348,1912,19,539,951,21139,2087,2781,69631,9328,790,337380,1013,116,2450,437,183,195,534,21856,892,83,207,220,578,394,1581,2099,13078,548,745,39,183,3094,244,74,803,465,120,558,1855,84927,153,684,12453,401,165,1702,233,1093,634,,287469,67,341112,1171,1890,8002,154,272,521,206,135,2666,363,56,404,77,1281509,415407
H108,3/12/2021 6:16,Sample,5,6916,412,428,6270,51627,939,7369,291,3341,10,1881,957,21968,517,2775,158471,14325,1158,358240,257,253,2491,841,143,135,970,22606,464,60,367,604,1085,641,1608,1854,6095,297,807,83,148,4634,335,52,406,772,49,194,677,117609,130,638,4300,614,166,5135,847,945,506,,595640,275,600094,986,2181,8709,400,1057,858,202,791,4472,232,33,45,82,2878646,1170480
H118,3/12/2021 7:02,Sample,6,17603,748,445,44361,28707,5086,15202,309,4292,173,2833,933,35628,2412,2535,183867,14877,1091,393007,1497,432,2826,321,45,182,829,35397,939,90,762,482,658,753,2123,3609,16605,362,910,87,318,4921,300,152,1050,498,259,945,2343,199190,145,1007,15893,763,233,3865,585,2035,823,8,162568,118,255374,1062,3264,6954,233,830,406,171,239,1985,313,57,64,79,10012,435043
H109,3/12/2021 7:38,Sample,7,7641,988,478,6840,86322,807,12743,445,480,1563,4634,876,58823,694,4389,313582,18385,911,430632,267,204,3371,582,370,140,1078,30868,763,122,256,598,3958,557,2417,3745,13900,765,825,60,827,13243,217,285,613,727,279,335,1731,482975,245,3977,11044,3289,321,5869,670,3613,1303,,941392,884,1454685,1654,3425,14910,217,1881,2440,1908,2267,9118,492,29,86,174,2539492,1546563
H119,3/12/2021 8:13,Sample,8,28541,1041,389,69859,20867,7153,15948,395,4017,212,1039,770,37226,442,1534,146479,7938,1058,346273,1272,396,604,229,226,170,732,40267,707,73,535,309,486,555,1537,3136,16660,468,2404,194,194,11275,297,162,2119,591,215,74,2054,150223,169,1779,13714,718,280,6603,160,1190,899,,13211,79,26879,630,1098,781,316,837,126,82,285,420,266,73,425,,176705,860996
H110,3/12/2021 8:48,Sample,9,6368,826,466,2495,110798,328,14127,304,4907,1125,2224,1017,78485,2644,3708,403078,32681,997,436383,272,323,4928,725,98,217,1887,42486,690,94,583,688,1236,851,2284,4828,13756,698,1453,98,1018,11031,583,297,328,1051,451,843,1927,537650,334,4194,11297,2919,436,7594,2108,4446,1442,,1173223,4941,1981389,1628,3947,12467,368,1441,3643,3213,14045,14474,781,63,,162,2807063,2179124
H120,3/12/2021 9:23,Sample,10,16356,879,472,29872,35985,2834,11091,316,6848,27,1994,1213,23646,3203,8055,153000,16824,1119,388805,531,255,3767,498,111,186,1730,34517,1025,97,500,360,634,670,2422,2487,15839,481,1009,86,340,5362,535,132,799,851,207,1231,2524,147975,181,1136,14082,799,220,2751,1281,1877,971,,528640,272,284068,832,4903,21110,559,1995,500,150,576,2340,620,75,449,110,2179136,101231
H111,3/12/2021 10:10,Sample,11,12318,958,413,16522,44231,1837,15263,264,1294,7,1795,962,26738,349,1141,242916,9153,1415,393167,457,245,1995,799,116,132,490,22278,689,88,435,1509,664,1224,1933,2692,8122,498,800,69,145,7537,157,39,737,524,61,372,888,140017,120,362,4962,468,100,3961,459,1195,498,10,503686,382,744327,1008,1995,5112,93,314,1007,174,1234,5831,192,47,21,109,768069,1591480
H121,3/12/2021 10:46,Sample,12,36564,342,464,89295,44004,8934,13284,313,2509,48,2691,1063,32262,1252,6650,193385,21470,903,419263,1223,313,3657,397,377,180,1547,36486,1035,106,419,609,743,877,1727,4182,19699,539,1329,59,429,8130,326,153,1141,914,251,380,3154,253641,231,2032,16972,1887,325,3862,172,2086,1120,,49157,57,13347,191,2226,2751,407,1223,34,44,78,258,599,45,27,44,4507,649147
H112,3/12/2021 11:21,Sample,13,8114,473,465,7525,101126,842,14348,255,2809,13,2428,875,41753,612,3324,201540,15159,937,386069,485,270,3207,1800,161,91,1242,33848,1003,143,416,764,585,571,1948,3846,13238,578,997,22,361,9197,271,60,1401,620,239,260,1448,182503,158,737,9582,1047,194,5177,162,2052,849,,505260,113,768733,1282,2574,9637,272,3028,1050,230,433,6235,794,32,123,93,2181706,1662442
H122,3/12/2021 11:56,Sample,14,5722,910,370,558,1311,131,802,312,64,,345,578,1177,50,14,401,238,51,356243,130,,56,,,179,8,,16,,,7,827,,1716,,40,7,46,,,,,,,582,,,,8,,,19,,,20,,,,,10,,25,,,,,,,,,,,,36,8,451,77
H113,3/12/2021 12:31,Sample,15,6569,853,615,4777,23565,563,7282,371,613,233,2136,911,20659,185,379,35056,3207,623,350250,277,167,935,378,47,122,283,6400,223,6,149,347,518,344,1686,273,4585,200,357,75,178,2509,13,28,1191,655,7,77,723,88991,118,998,3771,215,105,643,141,496,418,,171631,115,411011,1298,1299,4187,92,260,557,214,331,3370,55,58,77,46,134542,399272
H123,3/12/2021 13:18,Sample,16,16546,1115,304,26516,23327,2892,18363,348,5613,1212,5555,911,68613,801,2942,221106,21718,1292,436709,658,344,1895,138,392,215,1267,50107,695,48,823,1334,693,2304,2220,3572,25500,441,1130,183,636,5476,402,281,180,844,283,432,5664,772959,299,4836,31215,2919,450,7389,180,3211,1526,,828759,968,1557180,1609,6855,11334,718,659,2569,2830,2576,9358,388,286,128,151,156912,1702827
H114,3/12/2021 13:54,Sample,17,7533,986,596,6446,95649,848,17554,353,4820,1477,1326,996,71140,1055,3869,449305,19313,987,436975,446,427,5032,664,312,168,1658,46390,1119,98,740,971,487,942,2381,5520,14149,620,1471,77,1046,12225,340,228,447,616,351,815,2569,607364,232,3276,13173,2866,324,10739,1394,4807,1221,,1000222,4475,1885615,1735,4319,6609,261,4073,3403,2795,13428,14356,748,55,164,198,1749007,2106605
H124,3/12/2021 14:29,Sample,18,34769,974,573,101275,22449,10442,10741,408,4851,875,3620,1321,54331,2542,2214,81900,15755,810,436255,2542,327,1784,178,162,171,825,39489,311,121,635,355,1759,554,1346,3407,29244,399,871,108,505,4255,566,234,610,1356,347,,3719,473409,350,2105,18508,2369,402,4643,535,1218,1459,8,283169,553,565321,1567,1264,1709,658,178,958,762,1641,3448,252,93,97,112,795974,1091660
H115,3/12/2021 15:04,Sample,19,23687,953,476,43283,58500,4526,9786,387,6526,,1308,770,27848,981,1967,232647,13368,865,388921,937,267,2379,1083,176,211,506,25930,626,132,384,522,597,477,1843,2470,7379,282,921,56,256,5861,266,66,683,584,70,722,906,111889,102,527,4736,588,175,4448,567,1001,643,,556018,951,770232,1225,2743,9627,424,1117,1124,260,2332,6358,261,35,466,218,536311,1164008
H125,3/12/2021 15:39,Sample,20,11097,778,518,14685,35272,1759,11187,343,11094,662,3714,1984,47824,3663,6481,149370,25868,1003,432405,666,292,6622,344,284,159,2276,42500,1051,242,515,339,699,344,4099,4110,19962,460,1023,58,791,6121,585,230,440,751,303,392,3579,512408,217,3600,21671,3321,342,7316,211,3204,1184,9,49347,256,67083,747,1450,753,1124,2793,187,140,807,694,717,42,68,90,8667,36382
H127,3/13/2021 5:11,Sample,1,22902,563,721,42578,91481,4443,9307,524,2592,34,1931,920,34654,774,6014,461175,24151,1975,337624,386,676,4276,1044,630,125,1064,36369,886,134,1154,638,756,864,1508,3522,7634,467,1192,147,293,7103,117,56,184,2212,57,576,1043,225684,159,1439,5594,1048,203,6998,1259,2594,905,12,137589,436,107909,470,6502,3606,101,2059,253,75,1342,1064,393,13,48,62,848353,2081915
H137,3/13/2021 5:46,Sample,2,18913,1020,387,29808,58468,3169,9098,691,8571,1848,2153,1239,58202,3703,7741,642411,32164,897,396139,400,320,4924,485,156,160,2081,40203,670,148,579,443,857,376,1804,3854,14534,476,791,64,891,9117,774,72,311,1867,366,1348,2176,492402,262,4172,13654,2179,305,6152,627,3608,1278,12,516501,580,383512,693,4612,30498,1381,831,665,522,1813,2359,1013,10,184,285,23242,1582059
H128,3/13/2021 6:21,Sample,3,17032,394,748,60329,61483,6282,9087,661,3822,1033,5550,874,55734,465,3740,368539,21034,1241,411535,1266,336,2336,460,210,207,1408,32636,662,80,622,863,936,670,1578,3241,11000,474,976,87,687,7512,783,65,83,1872,249,292,1674,711839,195,4258,9245,3183,292,9774,791,3415,1043,,883812,2391,1327118,1203,3055,6544,1364,5082,2364,1797,6866,8091,373,60,234,85,3923617,1814161
H138,3/13/2021 6:57,Sample,4,12183,1154,515,30236,44742,2977,8648,518,5482,26,1767,1803,39387,7225,5938,512716,21763,1095,422034,936,310,4935,758,88,188,1405,27587,1033,71,401,388,932,609,1931,2947,12445,532,911,146,485,8478,1124,80,416,1725,207,1427,1741,183665,235,1619,9903,840,293,5064,1400,1369,1076,,1106256,4447,1766163,1060,4758,16688,1604,1368,2826,606,12505,16731,1181,42,61,178,2356726,1420314
H129,3/13/2021 7:32,Sample,5,32712,1046,442,71623,59468,7141,9389,597,2867,26,2995,1072,29831,925,3454,752472,36974,1005,433096,781,300,4413,815,314,181,827,33985,1116,60,489,799,1362,792,1903,3269,5611,753,1004,88,260,6236,376,59,316,1480,50,737,565,208247,206,885,2912,748,188,4498,226,2158,893,,139137,204,193908,778,2270,3940,327,800,390,161,492,1717,713,58,,89,8172,2841725
H139,3/13/2021 8:19,Sample,6,28560,424,388,65874,80448,6789,9243,694,13176,997,4914,1225,55132,3343,12298,804785,40810,1794,444660,791,293,6047,633,206,168,2409,42857,865,153,663,466,1037,468,2316,3529,15931,439,1271,30,1103,7842,822,144,25,1628,259,177,2423,740058,322,6093,13117,3186,473,6279,299,5119,1622,12,764953,145,591009,867,3627,17324,1774,781,785,828,283,3665,1126,23,180,331,58684,886751
H130,3/13/2021 8:54,Sample,7,12920,1111,422,20653,69460,2837,8473,523,2110,66,3337,890,36950,469,3173,460528,24757,965,406853,1424,395,3459,864,86,162,671,29945,952,110,492,374,640,323,1728,2734,8132,412,798,28,247,6736,475,28,319,1526,148,226,1178,217086,127,1070,5991,1065,141,4080,376,2424,664,,384389,243,431200,666,2109,9601,357,1609,683,207,690,3343,465,6,33,112,927945,944025
H140,3/13/2021 9:29,Sample,8,28762,1123,362,64073,81430,7131,8011,543,6254,24,1610,1608,26800,2360,6765,467713,29634,1144,413092,731,263,4733,1170,237,135,2734,29943,809,64,448,442,873,357,1884,3075,12203,537,1156,88,347,6337,603,62,644,1308,221,1205,2096,235428,176,1511,11351,971,218,3350,451,2043,843,13,452300,452,324049,670,4167,19621,846,4586,590,149,1296,2553,925,39,134,258,475426,1243227
H131,3/13/2021 10:05,Sample,9,21706,1152,665,81013,69937,8134,10611,668,5084,983,3974,1199,61768,567,3444,477149,25571,958,434430,1578,264,3105,607,149,168,1307,30513,913,79,557,905,1028,870,1835,3169,10862,655,965,119,912,7165,625,68,215,1625,237,385,1949,709004,252,3207,10852,4263,298,6828,1773,5192,1163,,1301245,9011,2059221,1286,3150,9150,696,2259,3805,2656,30549,17924,736,44,52,153,3828548,1322317
H141,3/13/2021 10:40,Sample,10,26149,1260,500,52873,52941,5797,9081,653,6034,19,1950,1171,33097,1660,8220,409906,25759,1807,408233,752,364,3965,731,289,103,1077,32942,1040,181,642,523,810,484,1897,2788,10566,408,1212,93,295,5444,735,60,371,1786,79,1300,1685,282224,190,1815,9743,1271,299,7781,496,2612,1080,,411808,703,403724,670,4023,15417,506,1607,853,205,1871,3111,628,14,94,214,596678,817061
H132,3/13/2021 11:27,Sample,11,17329,969,363,30229,62780,3497,7347,532,5005,45,1426,904,23473,1250,7210,443238,20285,1103,431812,1461,313,3038,1051,311,183,807,24761,597,127,381,374,710,230,2128,3042,7057,360,934,76,199,6385,381,60,202,1549,73,117,807,219361,142,979,4631,572,178,5327,468,2251,714,13,323852,70,397356,547,1585,4667,102,1013,613,116,102,3271,494,,76,135,1645107,884737
H142,3/13/2021 12:02,Sample,12,34116,1049,484,58659,53663,5819,7956,738,13797,1468,3645,1362,68720,9746,8152,134456,36777,1340,433815,767,563,4720,463,492,203,2027,38854,760,127,1527,509,966,625,2426,3955,19046,419,1553,195,799,6320,1241,65,166,2287,470,2623,3845,874258,253,5537,21765,4276,374,9280,211,6369,1389,61,420151,1060,406643,694,6412,19539,1872,4070,934,546,3550,2738,1911,88,232,140,2692,291501
H133,3/13/2021 12:37,Sample,13,13580,406,384,28119,58569,3590,8729,576,3054,42,1583,858,23265,1455,6967,586241,23493,1560,388531,987,338,4144,1051,290,165,1541,32870,632,119,430,528,879,394,1716,3124,7336,588,863,76,254,7330,479,42,384,1863,63,177,960,201511,143,1192,4839,643,215,6249,235,1529,890,,239450,82,267360,757,2629,5247,225,2347,493,78,160,2294,875,5,56,71,2497890,1809500
H143,3/13/2021 13:12,Sample,14,44836,539,456,93470,45369,8983,9328,739,14174,208,2092,1058,38212,2942,4083,268855,24602,947,478770,1307,233,5378,783,369,226,1803,43691,1026,198,340,369,904,474,2306,3719,14789,621,1271,32,443,6603,511,54,857,2081,178,732,2828,194586,193,1256,14564,970,230,4901,1319,2619,1026,12,511698,1238,791951,910,2433,7573,269,3351,1187,337,3488,6230,897,73,9,98,1105114,1490977
H134,3/13/2021 13:48,Sample,15,20812,1100,3594,42560,110509,4780,11080,876,8420,2321,4349,1831,85477,4488,7629,730621,32554,1442,457722,1389,317,7301,861,193,,2806,44869,911,172,680,690,1431,791,2363,7472,14665,873,1764,87,1457,15021,1074,146,373,1786,410,1036,2504,797334,339,5661,13241,3547,429,15681,883,6891,1603,,337723,1251,644212,757,106565,15065,995,1930,1196,878,4344,4043,1354,71,92,186,3755,992859
H144,3/13/2021 14:35,Sample,16,43930,985,390,113670,31341,10786,7504,640,18752,173,637,1065,30207,6183,4502,215075,18524,850,441337,1488,238,3917,499,318,116,2152,30844,786,117,395,231,840,337,1940,3756,14146,368,1167,60,393,7506,938,113,574,2122,140,483,2288,174244,242,756,13357,614,285,4746,1051,1267,1165,,307103,636,475910,823,2137,3019,959,1739,706,145,2124,3874,442,45,59,90,1235755,1659199
H135,3/13/2021 15:10,Sample,17,31080,464,443,66020,69706,6608,8919,556,12324,49,3408,862,27509,2512,6207,488669,25104,1044,418338,917,203,4391,1289,395,154,1524,33977,1059,33,329,589,849,473,1872,2937,9535,585,845,66,323,7972,370,18,523,1631,136,179,1220,208950,85,1049,7081,629,145,4442,419,2416,693,,377001,76,527126,898,1833,6202,551,1127,770,153,241,4198,523,,61,120,540293,1129714
H145,3/13/2021 15:45,Sample,18,24313,359,479,47417,86199,5206,12885,674,11096,411,2884,1339,39803,1268,4702,619625,16261,1410,431972,780,191,4412,1101,140,133,1498,37018,999,203,257,762,660,693,2113,4231,17277,741,854,61,830,10963,359,90,978,1681,291,784,3306,226997,288,2064,15314,844,348,3516,388,2878,1262,5,380333,299,173481,537,3387,15586,216,1501,295,124,756,1604,467,36,63,200,20880,1547449
H136,3/13/2021 16:20,Sample,19,11814,1132,501,19928,94484,2627,12113,815,11438,3732,2963,1181,87587,3381,4889,582189,28568,1125,441361,942,247,4868,997,223,166,1919,50238,686,197,339,310,1041,147,2218,5176,16125,637,1143,83,1202,18666,556,150,1349,1355,258,59,2545,498962,345,4649,12819,1572,473,9524,2565,3781,1789,,369980,129,318252,654,2235,13274,921,940,460,320,323,2261,872,73,116,178,3141692,2221239
H146,3/13/2021 16:56,Sample,20,10701,396,459,10090,50796,1588,9389,787,6249,2202,1013,812,59385,829,3257,236454,18422,1143,435342,1274,367,3168,520,273,139,1125,45864,761,247,765,334,764,415,2243,4691,15804,353,1402,98,580,9537,539,83,365,1441,124,616,3423,512089,247,4197,16576,2626,316,11984,421,4026,1263,23,287231,247,300618,743,2393,8317,509,1742,573,333,639,2147,380,65,881,71,35969,1321382
H148,3/17/2021 2:54,Sample,1,62953,1022,388,204177,36035,21192,17469,375,3390,1360,2194,1586,60950,556,1973,325432,16717,1639,446858,3389,218,2262,238,545,232,1008,31816,547,38,570,969,1280,1565,908,4316,8454,290,1456,62,586,10365,304,105,199,2778,111,185,1268,494221,162,1628,8002,2181,113,8710,402,6384,697,,145415,148,149849,853,2289,2712,155,1403,396,319,482,968,674,21,41,100,147404,2774130
H158,3/17/2021 3:29,Sample,2,12894,945,377,10495,36457,1230,9734,410,11114,1969,1086,1687,55656,4073,7185,134165,19334,920,441170,173,148,5566,148,221,194,2145,42081,695,203,321,348,994,453,850,2929,15035,345,932,76,749,6845,604,227,341,1664,450,532,3817,465093,293,4260,22736,3976,401,6714,376,3583,1427,46,42677,,54209,656,2085,1980,1254,2171,151,156,381,551,588,66,262,109,30455,489025
H149,3/17/2021 4:04,Sample,3,32044,799,349,63054,49729,7443,9492,417,997,444,4555,1002,38024,359,2211,322523,14279,1412,417136,294,342,2793,385,340,162,1004,20273,823,119,777,553,1119,440,732,3676,8628,381,853,108,374,7347,249,30,91,1389,152,225,1677,464770,124,1563,9712,1899,136,7685,366,3341,672,,532845,454,768138,1066,1714,3553,186,637,1235,892,1534,4516,470,32,480,59,1670091,1190012
H159,3/17/2021 4:39,Sample,4,34988,1004,435,82396,31190,8665,8725,383,8275,1547,2216,1615,48926,2647,2497,182981,16765,1032,447778,895,154,3480,233,155,231,1163,37165,395,130,459,269,824,285,930,3494,14615,347,1094,86,555,7102,216,111,175,1342,266,267,2697,476829,228,3263,16710,2157,262,11292,310,2647,905,13,426955,606,793081,1285,1943,3232,384,2788,1315,1061,2218,4402,509,65,,54,2319263,974304
H150,3/17/2021 5:15,Sample,5,64209,1097,510,243912,66926,24722,8648,407,1145,1367,2415,1165,55438,1631,4583,367705,18642,859,486806,4017,165,3636,449,292,282,1536,33664,860,87,286,748,869,527,992,3963,12931,689,952,71,824,9032,408,96,61,1735,387,331,2151,524202,150,3871,12679,2261,205,5330,353,6434,904,,787174,1290,1072388,1297,2713,7208,843,2608,1836,1589,4348,6238,820,46,61,96,4001872,2531994
H160,3/17/2021 6:01,Sample,6,18419,1020,675,23344,49569,3425,12514,410,5259,481,1048,2051,59333,3076,6332,206321,32627,1010,458897,478,220,5202,329,173,217,2593,50040,1083,246,310,314,1135,429,1000,4584,18550,587,1450,59,785,8664,705,169,465,2126,309,417,4048,324170,235,2867,23292,2423,401,4625,4150,3323,1363,,125490,111,71289,641,2113,5192,1452,2906,178,142,432,717,489,47,75,138,61435,1013831
H151,3/17/2021 6:37,Sample,7,26472,915,422,51175,37849,6456,9677,402,2861,695,2803,1374,47348,1324,3163,388513,27706,1175,455695,623,191,2451,197,243,241,864,30224,487,66,327,530,1041,485,1043,2574,10087,255,1138,75,786,5926,947,126,53,2028,102,512,2067,710426,249,2674,10162,2653,335,7877,562,6165,1189,11,376680,154,533975,1215,2729,5953,2140,470,948,902,799,2962,370,19,82,197,234746,1571797
H161,3/17/2021 7:12,Sample,8,18540,741,639,39405,52067,4394,9787,302,6246,1462,2669,2099,45668,2805,5893,235327,27114,965,417140,593,217,3746,369,152,172,1867,42369,613,141,391,326,1107,496,958,4371,17777,366,904,68,803,7908,331,185,171,2358,444,328,3742,410728,271,3397,22842,1621,330,6098,901,3082,1348,,354755,134,533081,1376,2690,7785,1002,1526,889,693,738,3332,503,44,,105,1357360,1408009
H152,3/17/2021 7:47,Sample,9,73238,386,353,169975,79077,17491,9678,384,14919,1182,3053,1006,61626,2431,6188,507424,29646,1254,453410,2319,237,4160,556,341,183,1708,36601,603,84,443,521,588,597,1015,4011,9242,470,1086,85,647,9199,366,139,142,853,329,112,1966,668072,217,3910,10468,1944,347,8930,118,4412,1193,13,225867,31,178574,1014,1488,4399,709,1346,386,287,108,1300,431,,148,165,4950444,493998
H162,3/17/2021 8:22,Sample,10,43209,484,470,110603,68218,11713,17500,420,9274,1073,940,1946,66769,1958,3426,510161,25272,1666,500002,477,353,4460,448,128,194,1805,51037,1164,108,757,606,817,560,1180,4918,20649,557,1502,118,943,8441,294,35,113,1540,403,641,4411,715081,182,4802,25604,4264,239,10513,815,8208,683,26,940330,962,1222297,918,4499,17510,354,4244,2266,2113,3081,7354,662,84,104,168,2642498,2565680
H153,3/17/2021 9:09,Sample,11,19011,328,771,33416,68526,3757,12145,417,2520,2394,4337,1358,68114,1591,3330,367383,18959,971,420834,616,327,4268,581,391,236,1097,36830,762,115,473,449,1944,403,1010,5147,11039,467,920,83,832,9611,275,178,272,2170,327,466,1947,365177,248,2163,10662,2096,247,7357,1079,4419,1109,12,208246,122,207085,1072,2537,7413,282,1700,428,267,499,1473,636,31,90,112,8662,1532183
H163,3/17/2021 9:45,Sample,12,21837,417,723,38947,45007,4223,7899,364,7601,1109,1808,1971,53978,4814,3111,142840,15941,942,417824,517,386,2896,374,121,206,1010,39576,329,105,555,299,1081,500,1025,3683,15530,290,857,94,888,4837,429,98,154,1567,258,479,3616,550596,190,2647,19871,2698,273,6514,441,3376,950,12,577784,647,806108,1424,2770,8114,372,1602,1316,978,2195,5194,496,71,403,63,986163,1179027
H154,3/17/2021 10:20,Sample,13,41092,781,499,63426,70953,7562,11597,388,3922,3202,3510,1803,86569,2521,3742,322698,23718,1388,481649,742,192,4180,492,137,207,1269,58039,519,228,404,373,1113,344,1053,5864,15152,577,1327,70,895,12155,386,191,789,1775,275,451,2767,516661,318,3754,14596,2065,383,10030,363,2683,1366,,327826,73,539135,1504,4711,15523,559,766,922,738,424,3304,438,45,181,186,8765,1715972
H164,3/17/2021 10:55,Sample,14,19494,1072,361,23761,47586,3176,11739,412,18369,1290,464,1795,64631,8153,5193,224880,23442,1168,464139,396,244,5816,310,264,180,2027,61686,872,187,442,298,966,444,1050,3571,16600,308,1556,34,820,8378,652,176,500,1559,270,991,3939,389358,300,2682,22662,2000,403,6692,774,3823,1434,,132979,448,146229,855,3008,4937,1143,1936,324,235,1741,1206,658,89,784,119,73358,1373420
H155,3/17/2021 11:30,Sample,15,29920,947,375,91193,35520,12016,12768,388,13234,33,611,1332,33973,3498,4837,380956,23692,2067,416789,2295,225,4087,572,76,313,1342,56836,1461,145,377,665,1105,1067,895,2919,15303,466,1484,80,348,6469,463,97,852,1397,391,322,3228,293063,170,1588,19609,1116,253,6675,327,3087,988,30,664993,,155743,423,3508,20514,756,5858,416,,74,1428,870,65,414,193,69504,357741
H165,3/17/2021 12:17,Sample,16,77537,947,373,230391,63393,24050,9714,356,4549,2418,2870,1574,68550,1363,3176,360234,14774,801,473149,3982,151,3039,728,301,183,1055,38696,675,105,269,464,843,401,1005,3181,11671,296,923,29,795,10611,193,101,465,1988,314,396,2341,344414,222,2415,13002,1544,269,6285,842,3379,964,,1059939,1606,1574923,1143,3315,16007,174,1098,2508,1318,5511,12605,493,103,100,176,4162595,2146664
H156,3/17/2021 12:52,Sample,17,37267,1121,286,117913,104346,13448,13377,467,9584,1982,4556,1187,80533,2457,17116,739461,43735,1551,489171,2207,293,6737,739,695,254,3254,54424,790,285,548,627,948,557,1161,4839,18596,788,1646,71,1378,14771,899,225,191,1577,513,391,2959,756206,392,5263,15907,3209,430,13436,585,5901,1563,,453399,200,523160,995,3927,15428,1734,2535,1064,805,767,3210,1175,35,682,123,286331,1623970
H166,3/17/2021 13:28,Sample,18,79130,1010,411,184357,24288,20064,7786,368,1089,7,841,1141,22956,173,1967,83440,11388,2305,343056,3003,545,2863,543,245,158,808,30641,938,83,925,571,985,720,830,2735,7796,311,1180,147,178,3327,111,9,259,1768,81,92,1830,181621,99,656,9319,533,114,4706,224,2429,446,,561588,91,688812,725,1594,2907,96,3849,824,151,604,5714,513,79,336,80,3240444,1262818
H157,3/17/2021 14:03,Sample,19,22946,863,466,28837,52600,5719,8794,364,2023,2202,2517,1100,70118,1285,2990,324405,16391,977,455134,1231,279,2901,610,354,220,530,30470,645,155,535,381,1142,276,1111,3403,9373,349,842,64,638,9079,215,129,578,1495,185,234,1670,360451,168,2524,8763,1783,170,6638,1119,2333,776,10,64145,75,69722,915,1832,3041,43,865,214,82,272,790,486,45,103,155,537522,648754
H167,3/17/2021 14:38,Sample,20,31867,490,322,60567,33344,6901,8189,303,7702,9,1746,1767,23586,1331,4547,292646,18563,970,399440,349,172,3293,598,73,143,910,36255,824,148,315,485,932,726,845,2208,8460,183,854,56,197,4989,413,75,480,1556,54,342,1521,204658,191,1083,9449,679,235,3683,709,2041,960,10,360663,357,493093,1003,2979,9192,760,2099,728,180,1225,3922,568,10,480,127,1543797,2130172
H169,3/19/2021 2:44,Sample,1,24478,813,351,37669,49282,4186,7288,208,833,18,3695,936,22811,520,2765,353543,17693,1659,359060,405,642,2651,562,338,231,1141,23293,593,210,732,468,4687,470,371,3396,6038,446,1003,100,293,5107,323,57,276,2178,36,570,1122,150655,144,1177,5342,926,191,5141,1159,1866,822,15,658128,942,1092201,933,2256,7638,510,531,1602,708,2632,7459,261,12,85,147,97371,1243764
H179,3/19/2021 3:20,Sample,2,25676,725,350,27597,37399,3188,7976,286,2147,44,2155,1405,21646,2072,7366,402401,17056,823,367796,296,332,5578,458,247,211,1166,19194,541,260,431,467,3260,443,346,2816,7723,327,970,92,242,5764,348,78,695,1260,134,334,1426,113863,223,1466,7217,639,194,2723,379,1436,833,14,482120,326,710313,796,2063,7517,427,335,1131,538,974,4777,510,27,144,112,1176599,997580
H170,3/19/2021 3:55,Sample,3,22489,826,608,28964,75040,3184,6636,337,2362,15,1793,2586,43929,1166,3922,202985,13394,798,398484,444,311,3213,996,247,223,1087,26062,633,199,372,363,997,402,420,3154,7650,413,844,40,401,6934,175,29,1215,1120,76,322,1221,138422,151,1253,5906,428,158,3287,1370,2916,596,9,1544789,1733,2524304,1204,2551,16094,470,1127,4495,1613,4416,27878,412,68,100,157,3770672,1668528
H180,3/19/2021 4:30,Sample,4,10290,256,341,5764,21614,749,6848,289,3337,,1344,1350,22402,351,2133,130129,11815,953,340019,100,415,2121,299,438,170,755,18513,600,165,535,400,1790,564,382,2110,7296,181,743,66,152,3607,361,22,1532,1258,64,208,1611,106436,190,809,7508,911,170,4284,58,1107,648,,780309,403,1349468,643,1714,4266,699,397,1920,643,1151,10625,263,32,,,1676210,909251
H171,3/19/2021 5:05,Sample,5,8633,710,440,4508,58363,567,7594,334,4612,,2209,1198,28281,737,2737,325132,12211,1124,343156,140,784,3409,660,118,269,817,28352,461,218,999,232,3262,393,344,3956,6187,503,1053,80,320,5647,234,55,623,1181,62,295,1077,199814,143,1025,5043,544,183,5926,214,4175,684,,608947,93,838550,708,1890,7896,280,339,1212,526,431,5798,361,80,11,110,82992,1402931
H181,3/19/2021 5:52,Sample,6,6009,809,542,748,28943,107,5797,262,3254,,636,4875,24250,2027,4139,293061,16259,576,351793,46,229,4597,436,185,255,1281,25190,521,247,293,257,2327,410,403,2865,8100,397,779,75,215,5938,487,55,482,1702,83,455,1474,110474,150,1182,7546,503,230,3159,828,1975,832,,1173821,2312,2047127,907,1927,5548,1015,254,3281,1077,6697,20582,541,26,11,87,2646417,953165
H172,3/19/2021 6:28,Sample,7,30664,581,472,41511,64407,4804,9445,297,2057,29,1222,1589,33898,1753,5942,376617,21628,1101,409606,342,367,5027,671,333,231,1360,37391,672,225,444,436,1489,420,471,3770,8598,662,1187,48,407,8860,469,106,1198,1514,129,559,1560,215122,237,1645,6793,805,289,4943,1757,2930,1074,28,662341,423,1050930,922,2647,11430,910,1622,1758,824,1475,7184,608,101,23,116,1355496,1351804
H182,3/19/2021 7:03,Sample,8,13346,318,477,8565,43892,1185,11896,300,4546,14,3102,2986,41271,2875,3296,196144,16964,955,363017,165,380,3685,531,209,256,1521,29371,837,289,615,340,3040,500,458,3045,10706,262,1016,122,347,6296,313,42,2291,1011,129,542,2222,151993,224,1294,10736,535,277,4422,90,2878,1023,11,796001,690,1267673,713,2403,11836,312,726,1834,789,2068,10004,405,214,77,37,1764967,1438334
H173,3/19/2021 7:38,Sample,9,31204,1012,452,60524,37093,6353,5705,402,712,13,3581,1756,24923,2226,6135,386165,16293,842,416966,938,263,3238,438,164,203,1045,10320,467,207,442,301,5483,311,533,2053,5139,514,857,97,328,5495,303,52,622,1281,77,147,679,330763,159,2226,3082,685,180,4018,6514,6405,725,,2066372,5857,3636613,1068,4817,12772,918,164,9253,3732,17686,70702,474,17,102,155,3211564,1874741
H183,3/19/2021 8:13,Sample,10,55900,1136,495,117306,23003,11370,6928,343,3284,,3031,2142,31479,465,2239,300651,14415,1158,442810,1838,540,2317,282,79,239,693,30234,692,180,889,668,3617,1038,524,2334,7115,234,1199,160,218,3535,374,46,742,2189,63,311,1336,323811,214,1220,6373,885,134,5585,260,4649,671,,1714456,1363,2869368,1184,1945,4564,805,869,6148,2555,3716,39555,373,60,130,94,3859312,1731421
H174,3/19/2021 9:00,Sample,11,36206,749,534,34249,41082,3652,8443,363,1990,,2039,1417,29398,766,3027,283840,10939,1159,406634,439,642,3573,801,190,231,942,23029,611,105,771,348,3837,279,565,3211,5697,473,776,140,209,4957,231,18,427,2194,61,227,837,147524,120,826,3687,384,129,6272,1828,2748,494,,1065274,1326,1653074,1089,1541,3698,242,646,2446,544,3637,16361,227,64,75,120,3725080,1264898
H184,3/19/2021 9:35,Sample,12,24835,1084,510,29243,40333,3605,7155,327,1812,4,2136,3089,31967,3085,5067,208777,15859,979,427468,217,481,3861,536,152,240,1289,25973,587,198,534,439,1345,546,511,2745,7672,359,985,83,281,3539,476,61,1122,2093,89,1746,1573,194284,136,1332,7360,665,189,3959,1557,3298,728,10,970477,1549,1592958,992,2708,10590,412,457,2375,750,4092,14941,556,36,14,82,1359489,927188
H175,3/19/2021 10:11,Sample,13,21706,916,446,28307,97021,3026,10580,458,517,100,2949,1298,48847,2092,6215,519485,25371,1088,424508,608,325,7001,822,435,246,1936,40478,865,430,507,434,4607,330,517,4394,11098,854,1012,65,593,11843,356,91,3299,1568,184,657,2083,289062,243,2149,8401,1161,324,5132,436,5515,1164,,403146,259,484427,768,3304,18117,447,807,916,516,887,3532,854,79,,208,54041,944809
H185,3/19/2021 10:46,Sample,14,23987,1079,364,40612,68696,4158,8198,348,1881,27,482,1930,35990,1309,5938,317377,18621,973,435488,777,633,6122,1004,421,219,1615,41292,1170,333,994,372,3826,553,559,5787,14784,1012,1184,156,446,8538,287,87,4350,1339,181,463,2783,191318,181,1572,13858,950,273,6872,440,4326,1072,,687199,711,1056900,827,2568,8246,460,836,1678,606,2026,8516,779,79,80,90,2219792,1742379
H176,3/19/2021 11:21,Sample,15,11570,902,578,8672,80706,952,10873,331,3210,35,2214,1417,40195,2398,7563,536633,26771,1694,415730,215,487,5080,806,262,277,1748,35993,727,342,705,399,2209,291,502,4373,10086,680,1157,122,512,11620,618,109,1424,1622,119,444,1549,350489,186,1835,7317,1144,308,8080,360,5048,1013,,478532,,519562,797,2484,16860,1047,742,847,454,564,3653,534,8,109,158,112764,1521662
H186,3/19/2021 12:08,Sample,16,9387,1188,356,7005,45031,896,7975,288,1580,47,1883,3489,27317,2996,6654,303898,18033,915,397104,280,456,5193,692,187,325,1622,29793,837,360,610,209,968,376,484,3827,10098,481,975,80,350,5603,432,110,1743,1416,180,986,2210,178336,207,1456,9722,988,276,3934,167,3078,926,9,333924,392,533256,685,2142,4717,487,276,829,263,1155,4144,529,48,100,150,89858,1181071
H177,3/19/2021 12:43,Sample,17,57812,1055,602,98338,89826,9786,10719,348,1643,1711,4014,1755,71486,1561,7232,495872,32948,1191,471263,1662,254,7704,795,351,152,1494,33289,711,525,455,418,4553,377,627,4429,12027,826,1188,28,929,11296,349,232,1499,1710,306,355,2411,624061,349,5353,11977,2915,446,6417,2770,5751,1639,,1337827,2063,2171253,1538,2852,15251,647,522,4390,3151,6372,19409,908,31,196,197,4328050,1700478
H187,3/19/2021 13:19,Sample,18,8506,917,399,3800,45774,449,9499,351,4964,11,483,2068,42853,1777,5943,350812,21904,1603,419569,62,738,7443,681,379,278,1797,34454,1119,346,1072,634,4778,947,542,4495,12468,562,1210,193,476,5384,205,89,2005,1482,282,688,2415,315389,265,1858,12933,1911,287,8696,553,4885,1190,,1046481,900,1796408,1102,3279,7048,213,3877,3074,1161,2641,16959,1150,72,79,145,3232871,1628800
H178,3/19/2021 13:54,Sample,19,12622,460,403,8951,59331,1155,8667,365,3306,,946,2409,28902,1602,9898,586689,26241,1650,353714,150,464,5580,1038,464,159,1794,25309,548,353,553,740,3861,1078,417,2464,6078,455,947,114,422,5247,455,61,1787,1338,138,373,974,220257,157,1187,4475,805,211,4999,471,2847,706,,595634,419,844844,765,2002,8493,676,1919,1309,290,1085,7102,1156,11,76,184,273112,2090966
H188,3/19/2021 14:29,Sample,20,7669,741,569,2940,37883,386,7741,430,7851,13,2046,1978,36754,2791,5773,190871,17443,1166,422800,144,656,4067,676,433,200,1167,26522,1119,340,798,656,958,263,517,3693,10064,350,958,92,408,4550,398,58,1599,1666,194,486,2047,200799,156,1264,9388,882,227,5677,441,3450,773,,817814,856,1487319,915,3142,6255,569,1251,2311,524,2223,14111,808,55,64,86,2257058,587851
